country,date,total_cases,new_cases,total_deaths,new_deaths,total_recovered,active_cases,servious_critical,total_cases_1M_pop,total_deaths_1M_pop
Afghanistan,2020-03-24,74.0,34.0,1.0,0.0,1.0,72.0,0.0,2.0,0.03
Albania,2020-03-24,123.0,19.0,5.0,1.0,10.0,108.0,2.0,43.0,2.0
Andorra,2020-03-24,164.0,31.0,1.0,0.0,1.0,162.0,7.0,2123.0,13.0
Angola,2020-03-24,3.0,0.0,0.0,0.0,0.0,3.0,0.0,0.09,0.0
Antigua and Barbuda,2020-03-24,3.0,0.0,0.0,0.0,0.0,3.0,0.0,31.0,0.0
Argentina,2020-03-24,387.0,86.0,6.0,2.0,52.0,329.0,0.0,9.0,0.1
Armenia,2020-03-24,249.0,14.0,0.0,0.0,14.0,235.0,6.0,84.0,0.0
Aruba,2020-03-24,17.0,8.0,0.0,0.0,1.0,16.0,0.0,159.0,0.0
Azerbaijan,2020-03-24,87.0,15.0,1.0,0.0,10.0,76.0,6.0,9.0,0.1
Bahamas,2020-03-24,5.0,1.0,0.0,0.0,1.0,4.0,0.0,13.0,0.0
Bahrain,2020-03-24,392.0,15.0,3.0,1.0,177.0,212.0,2.0,230.0,2.0
Bangladesh,2020-03-24,39.0,6.0,4.0,1.0,5.0,30.0,0.0,0.2,0.02
Barbados,2020-03-24,18.0,1.0,0.0,0.0,0.0,18.0,0.0,63.0,0.0
Belarus,2020-03-24,81.0,0.0,0.0,0.0,22.0,59.0,0.0,9.0,0.0
Belize,2020-03-24,1.0,0.0,0.0,0.0,0.0,1.0,0.0,3.0,0.0
Benin,2020-03-24,6.0,0.0,0.0,0.0,0.0,6.0,0.0,0.5,0.0
Bermuda,2020-03-24,6.0,0.0,0.0,0.0,0.0,6.0,0.0,96.0,0.0
Bhutan,2020-03-24,2.0,0.0,0.0,0.0,0.0,2.0,0.0,3.0,0.0
Bolivia,2020-03-24,29.0,2.0,0.0,0.0,0.0,29.0,0.0,2.0,0.0
Bosnia and Herzegovina,2020-03-24,168.0,32.0,3.0,2.0,2.0,163.0,1.0,51.0,0.9
Brunei,2020-03-24,104.0,13.0,0.0,0.0,2.0,102.0,2.0,238.0,0.0
Bulgaria,2020-03-24,218.0,17.0,3.0,0.0,3.0,212.0,8.0,31.0,0.4
Burkina Faso,2020-03-24,114.0,15.0,4.0,0.0,7.0,103.0,0.0,5.0,0.2
CAR,2020-03-24,3.0,0.0,0.0,0.0,0.0,3.0,0.0,0.6,0.0
Cabo Verde,2020-03-24,3.0,0.0,1.0,1.0,0.0,2.0,0.0,5.0,2.0
Cambodia,2020-03-24,91.0,4.0,0.0,0.0,4.0,87.0,1.0,5.0,0.0
Cameroon,2020-03-24,66.0,10.0,1.0,1.0,2.0,63.0,0.0,2.0,0.04
Cayman Islands,2020-03-24,6.0,1.0,1.0,0.0,0.0,5.0,0.0,91.0,15.0
Chad,2020-03-24,3.0,1.0,0.0,0.0,0.0,3.0,0.0,0.2,0.0
Channel Islands,2020-03-24,36.0,0.0,0.0,0.0,0.0,36.0,0.0,207.0,0.0
Chile,2020-03-24,922.0,176.0,2.0,0.0,17.0,903.0,7.0,48.0,0.1
Colombia,2020-03-24,378.0,101.0,3.0,0.0,6.0,369.0,0.0,7.0,0.06
Congo,2020-03-24,4.0,0.0,0.0,0.0,0.0,4.0,0.0,0.7,0.0
Costa Rica,2020-03-24,177.0,19.0,2.0,0.0,2.0,173.0,4.0,35.0,0.4
Croatia,2020-03-24,382.0,67.0,1.0,0.0,5.0,376.0,6.0,93.0,0.2
Cuba,2020-03-24,48.0,8.0,1.0,0.0,1.0,46.0,2.0,4.0,0.09
Curaçao,2020-03-24,6.0,2.0,1.0,0.0,0.0,5.0,0.0,37.0,6.0
Cyprus,2020-03-24,124.0,8.0,3.0,2.0,3.0,118.0,3.0,103.0,2.0
Czechia,2020-03-24,1394.0,158.0,3.0,2.0,10.0,1381.0,19.0,130.0,0.3
DRC,2020-03-24,45.0,9.0,2.0,0.0,0.0,43.0,0.0,0.5,0.02
Diamond Princess,2020-03-24,712.0,0.0,10.0,2.0,587.0,115.0,15.0,0.0,0.0
Djibouti,2020-03-24,3.0,0.0,0.0,0.0,0.0,3.0,0.0,3.0,0.0
Dominica,2020-03-24,7.0,5.0,0.0,0.0,0.0,7.0,0.0,97.0,0.0
Dominican Republic,2020-03-24,312.0,67.0,6.0,3.0,3.0,303.0,0.0,29.0,0.6
Ecuador,2020-03-24,1082.0,101.0,27.0,9.0,3.0,1052.0,2.0,61.0,2.0
Egypt,2020-03-24,402.0,36.0,20.0,1.0,80.0,302.0,0.0,4.0,0.2
El Salvador,2020-03-24,5.0,2.0,0.0,0.0,0.0,5.0,0.0,0.8,0.0
Equatorial Guinea,2020-03-24,9.0,0.0,0.0,0.0,0.0,9.0,0.0,6.0,0.0
Eritrea,2020-03-24,1.0,0.0,0.0,0.0,0.0,1.0,0.0,0.3,0.0
Estonia,2020-03-24,369.0,17.0,0.0,0.0,7.0,362.0,4.0,278.0,0.0
Eswatini,2020-03-24,4.0,0.0,0.0,0.0,0.0,4.0,0.0,3.0,0.0
Ethiopia,2020-03-24,12.0,1.0,0.0,0.0,0.0,12.0,0.0,0.1,0.0
Faeroe Islands,2020-03-24,122.0,4.0,0.0,0.0,33.0,89.0,0.0,2497.0,0.0
Fiji,2020-03-24,4.0,1.0,0.0,0.0,0.0,4.0,0.0,4.0,0.0
Finland,2020-03-24,792.0,92.0,1.0,0.0,10.0,781.0,11.0,143.0,0.2
French Guiana,2020-03-24,23.0,3.0,0.0,0.0,6.0,17.0,0.0,77.0,0.0
French Polynesia,2020-03-24,25.0,7.0,0.0,0.0,0.0,25.0,0.0,89.0,0.0
Gabon,2020-03-24,6.0,0.0,1.0,0.0,0.0,5.0,0.0,3.0,0.4
Gambia,2020-03-24,3.0,1.0,1.0,0.0,0.0,2.0,0.0,1.0,0.4
Georgia,2020-03-24,70.0,9.0,0.0,0.0,9.0,61.0,1.0,18.0,0.0
Ghana,2020-03-24,53.0,26.0,2.0,0.0,0.0,51.0,0.0,2.0,0.06
Gibraltar,2020-03-24,15.0,0.0,0.0,0.0,5.0,10.0,0.0,445.0,0.0
Greenland,2020-03-24,5.0,1.0,0.0,0.0,2.0,3.0,0.0,88.0,0.0
Grenada,2020-03-24,1.0,0.0,0.0,0.0,0.0,1.0,0.0,9.0,0.0
Guadeloupe,2020-03-24,73.0,11.0,1.0,0.0,0.0,72.0,4.0,182.0,2.0
Guatemala,2020-03-24,21.0,1.0,1.0,0.0,0.0,20.0,0.0,1.0,0.06
Guinea,2020-03-24,4.0,0.0,0.0,0.0,0.0,4.0,0.0,0.3,0.0
Guyana,2020-03-24,5.0,0.0,1.0,0.0,0.0,4.0,0.0,6.0,1.0
Haiti,2020-03-24,7.0,1.0,0.0,0.0,0.0,7.0,0.0,0.6,0.0
Honduras,2020-03-24,30.0,0.0,0.0,0.0,0.0,30.0,0.0,3.0,0.0
Hungary,2020-03-24,187.0,20.0,9.0,1.0,21.0,157.0,6.0,19.0,0.9
Iceland,2020-03-24,648.0,60.0,2.0,1.0,51.0,595.0,13.0,1899.0,6.0
India,2020-03-24,536.0,37.0,10.0,0.0,40.0,486.0,0.0,0.4,0.01
Isle of Man,2020-03-24,23.0,10.0,0.0,0.0,0.0,23.0,0.0,270.0,0.0
Israel,2020-03-24,1930.0,488.0,3.0,2.0,53.0,1874.0,34.0,223.0,0.3
Ivory Coast,2020-03-24,73.0,48.0,0.0,0.0,2.0,71.0,0.0,3.0,0.0
Jamaica,2020-03-24,21.0,2.0,1.0,0.0,2.0,18.0,0.0,7.0,0.3
Japan,2020-03-24,1193.0,65.0,43.0,1.0,285.0,865.0,54.0,9.0,0.3
Jordan,2020-03-24,154.0,27.0,0.0,0.0,1.0,153.0,0.0,15.0,0.0
Kazakhstan,2020-03-24,72.0,10.0,0.0,0.0,0.0,72.0,0.0,4.0,0.0
Kenya,2020-03-24,25.0,9.0,0.0,0.0,0.0,25.0,0.0,0.5,0.0
Kuwait,2020-03-24,191.0,2.0,0.0,0.0,39.0,152.0,5.0,45.0,0.0
Kyrgyzstan,2020-03-24,42.0,26.0,0.0,0.0,0.0,42.0,0.0,6.0,0.0
Laos,2020-03-24,2.0,2.0,0.0,0.0,0.0,2.0,0.0,0.3,0.0
Latvia,2020-03-24,197.0,17.0,0.0,0.0,1.0,196.0,0.0,104.0,0.0
Lebanon,2020-03-24,318.0,51.0,4.0,0.0,8.0,306.0,4.0,47.0,0.6
Liberia,2020-03-24,3.0,0.0,0.0,0.0,0.0,3.0,0.0,0.6,0.0
Libya,2020-03-24,1.0,1.0,0.0,0.0,0.0,1.0,0.0,0.1,0.0
Liechtenstein,2020-03-24,51.0,0.0,0.0,0.0,0.0,51.0,0.0,1338.0,0.0
Lithuania,2020-03-24,209.0,30.0,2.0,1.0,1.0,206.0,1.0,77.0,0.7
Luxembourg,2020-03-24,1099.0,224.0,8.0,0.0,6.0,1085.0,3.0,1756.0,13.0
Macao,2020-03-24,29.0,4.0,0.0,0.0,10.0,19.0,0.0,45.0,0.0
Madagascar,2020-03-24,17.0,5.0,0.0,0.0,0.0,17.0,0.0,0.6,0.0
Maldives,2020-03-24,13.0,0.0,0.0,0.0,5.0,8.0,0.0,24.0,0.0
Malta,2020-03-24,110.0,3.0,0.0,0.0,2.0,108.0,1.0,249.0,0.0
Martinique,2020-03-24,57.0,4.0,1.0,0.0,0.0,56.0,7.0,152.0,3.0
Mauritania,2020-03-24,2.0,0.0,0.0,0.0,0.0,2.0,0.0,0.4,0.0
Mauritius,2020-03-24,42.0,6.0,2.0,0.0,0.0,40.0,1.0,33.0,2.0
Mayotte,2020-03-24,36.0,12.0,0.0,0.0,0.0,36.0,0.0,132.0,0.0
Mexico,2020-03-24,367.0,51.0,4.0,1.0,4.0,359.0,1.0,3.0,0.03
Moldova,2020-03-24,125.0,16.0,1.0,0.0,2.0,122.0,10.0,31.0,0.2
Monaco,2020-03-24,23.0,0.0,0.0,0.0,1.0,22.0,0.0,586.0,0.0
Mongolia,2020-03-24,10.0,0.0,0.0,0.0,0.0,10.0,0.0,3.0,0.0
Montenegro,2020-03-24,47.0,20.0,1.0,0.0,0.0,46.0,0.0,75.0,2.0
Montserrat,2020-03-24,1.0,0.0,0.0,0.0,0.0,1.0,0.0,200.0,0.0
Morocco,2020-03-24,170.0,27.0,5.0,1.0,6.0,159.0,1.0,5.0,0.1
Mozambique,2020-03-24,3.0,2.0,0.0,0.0,0.0,3.0,0.0,0.1,0.0
Myanmar,2020-03-24,3.0,1.0,0.0,0.0,0.0,3.0,0.0,0.06,0.0
Namibia,2020-03-24,7.0,3.0,0.0,0.0,2.0,5.0,0.0,3.0,0.0
Nepal,2020-03-24,2.0,0.0,0.0,0.0,1.0,1.0,0.0,0.07,0.0
New Caledonia,2020-03-24,10.0,2.0,0.0,0.0,0.0,10.0,0.0,35.0,0.0
New Zealand,2020-03-24,205.0,103.0,0.0,0.0,22.0,183.0,0.0,43.0,0.0
Nicaragua,2020-03-24,2.0,0.0,0.0,0.0,0.0,2.0,0.0,0.3,0.0
Niger,2020-03-24,3.0,0.0,0.0,0.0,0.0,3.0,0.0,0.1,0.0
Nigeria,2020-03-24,44.0,4.0,1.0,0.0,2.0,41.0,0.0,0.2,0.0
North Macedonia,2020-03-24,148.0,12.0,2.0,0.0,1.0,145.0,1.0,71.0,1.0
Oman,2020-03-24,84.0,18.0,0.0,0.0,17.0,67.0,0.0,16.0,0.0
Pakistan,2020-03-24,972.0,97.0,7.0,1.0,18.0,947.0,5.0,4.0,0.03
Palestine,2020-03-24,60.0,1.0,0.0,0.0,16.0,44.0,0.0,12.0,0.0
Panama,2020-03-24,443.0,98.0,6.0,0.0,1.0,436.0,33.0,103.0,1.0
Papua New Guinea,2020-03-24,1.0,0.0,0.0,0.0,0.0,1.0,0.0,0.1,0.0
Paraguay,2020-03-24,27.0,5.0,2.0,1.0,0.0,25.0,1.0,4.0,0.3
Peru,2020-03-24,416.0,21.0,7.0,2.0,1.0,408.0,9.0,13.0,0.2
Qatar,2020-03-24,526.0,25.0,0.0,0.0,41.0,485.0,6.0,183.0,0.0
Romania,2020-03-24,794.0,218.0,12.0,5.0,79.0,703.0,15.0,41.0,0.6
Russia,2020-03-24,495.0,57.0,1.0,0.0,22.0,472.0,8.0,3.0,0.01
Rwanda,2020-03-24,40.0,4.0,0.0,0.0,0.0,40.0,0.0,3.0,0.0
Réunion,2020-03-24,94.0,23.0,0.0,0.0,1.0,93.0,0.0,105.0,0.0
Saint Lucia,2020-03-24,3.0,0.0,0.0,0.0,0.0,3.0,0.0,16.0,0.0
Saint Martin,2020-03-24,8.0,0.0,0.0,0.0,0.0,8.0,0.0,207.0,0.0
San Marino,2020-03-24,187.0,0.0,21.0,1.0,4.0,162.0,12.0,5511.0,619.0
Saudi Arabia,2020-03-24,767.0,205.0,1.0,1.0,28.0,738.0,0.0,22.0,0.03
Senegal,2020-03-24,86.0,7.0,0.0,0.0,8.0,78.0,0.0,5.0,0.0
Serbia,2020-03-24,303.0,54.0,3.0,0.0,15.0,285.0,21.0,35.0,0.3
Seychelles,2020-03-24,7.0,0.0,0.0,0.0,0.0,7.0,0.0,71.0,0.0
Singapore,2020-03-24,558.0,49.0,2.0,0.0,156.0,400.0,14.0,95.0,0.3
Sint Maarten,2020-03-24,2.0,0.0,0.0,0.0,0.0,2.0,0.0,47.0,0.0
Slovakia,2020-03-24,204.0,18.0,0.0,0.0,7.0,197.0,2.0,37.0,0.0
Slovenia,2020-03-24,480.0,38.0,4.0,1.0,3.0,473.0,12.0,231.0,2.0
Somalia,2020-03-24,1.0,0.0,0.0,0.0,0.0,1.0,0.0,0.06,0.0
South Africa,2020-03-24,554.0,152.0,0.0,0.0,4.0,550.0,2.0,9.0,0.0
Sri Lanka,2020-03-24,102.0,5.0,0.0,0.0,2.0,100.0,2.0,5.0,0.0
St. Barth,2020-03-24,3.0,0.0,0.0,0.0,0.0,3.0,0.0,304.0,0.0
St. Vincent Grenadines,2020-03-24,1.0,0.0,0.0,0.0,0.0,1.0,0.0,9.0,0.0
Sudan,2020-03-24,3.0,1.0,1.0,0.0,0.0,2.0,0.0,0.07,0.02
Suriname,2020-03-24,7.0,2.0,0.0,0.0,0.0,7.0,0.0,12.0,0.0
Syria,2020-03-24,1.0,0.0,0.0,0.0,0.0,1.0,0.0,0.06,0.0
Taiwan,2020-03-24,216.0,21.0,2.0,0.0,29.0,185.0,0.0,9.0,0.08
Tanzania,2020-03-24,12.0,0.0,0.0,0.0,0.0,12.0,0.0,0.2,0.0
Thailand,2020-03-24,827.0,106.0,4.0,3.0,52.0,771.0,7.0,12.0,0.06
Timor-Leste,2020-03-24,1.0,0.0,0.0,0.0,0.0,1.0,0.0,0.8,0.0
Togo,2020-03-24,20.0,2.0,0.0,0.0,1.0,19.0,0.0,2.0,0.0
Trinidad and Tobago,2020-03-24,57.0,6.0,0.0,0.0,0.0,57.0,0.0,41.0,0.0
Tunisia,2020-03-24,114.0,25.0,4.0,1.0,1.0,109.0,11.0,10.0,0.3
Turkey,2020-03-24,1872.0,343.0,44.0,7.0,0.0,1828.0,0.0,22.0,0.5
Turks and Caicos,2020-03-24,1.0,0.0,0.0,0.0,0.0,1.0,0.0,26.0,0.0
UAE,2020-03-24,248.0,50.0,2.0,0.0,45.0,201.0,2.0,25.0,0.2
Uganda,2020-03-24,9.0,0.0,0.0,0.0,0.0,9.0,0.0,0.2,0.0
Ukraine,2020-03-24,102.0,29.0,3.0,0.0,1.0,98.0,0.0,2.0,0.07
Uruguay,2020-03-24,189.0,27.0,0.0,0.0,0.0,189.0,3.0,54.0,0.0
Uzbekistan,2020-03-24,50.0,4.0,0.0,0.0,0.0,50.0,0.0,1.0,0.0
Vatican City,2020-03-24,4.0,3.0,0.0,0.0,0.0,4.0,0.0,4994.0,0.0
Venezuela,2020-03-24,84.0,0.0,0.0,0.0,15.0,69.0,2.0,3.0,0.0
Vietnam,2020-03-24,134.0,11.0,0.0,0.0,17.0,117.0,3.0,1.0,0.0
Zambia,2020-03-24,3.0,0.0,0.0,0.0,0.0,3.0,0.0,0.2,0.0
Zimbabwe,2020-03-24,3.0,0.0,1.0,0.0,0.0,2.0,0.0,0.2,0.07
algeria,2020-03-24,264.0,34.0,19.0,2.0,24.0,221.0,0.0,6.0,0.4
australia,2020-03-24,2317.0,430.0,8.0,1.0,118.0,2191.0,11.0,91.0,0.3
austria,2020-03-24,5283.0,809.0,28.0,7.0,9.0,5246.0,22.0,587.0,3.0
belgium,2020-03-24,4269.0,526.0,122.0,34.0,461.0,3686.0,381.0,368.0,11.0
brazil,2020-03-24,2247.0,323.0,46.0,12.0,2.0,2199.0,18.0,11.0,0.2
canada,2020-03-24,2792.0,701.0,26.0,2.0,112.0,2654.0,1.0,74.0,0.7
china,2020-03-24,81171.0,78.0,3277.0,7.0,73159.0,4735.0,1573.0,56.0,2.0
china-hong-kong-sar,2020-03-24,387.0,30.0,4.0,0.0,102.0,281.0,4.0,52.0,0.5
denmark,2020-03-24,1591.0,131.0,32.0,8.0,1.0,1558.0,69.0,275.0,6.0
france,2020-03-24,22304.0,2448.0,1100.0,240.0,3281.0,17923.0,2516.0,342.0,17.0
germany,2020-03-24,32991.0,3935.0,159.0,36.0,3290.0,29542.0,23.0,394.0,2.0
greece,2020-03-24,743.0,48.0,20.0,3.0,29.0,694.0,35.0,71.0,2.0
indonesia,2020-03-24,686.0,107.0,55.0,6.0,30.0,601.0,0.0,3.0,0.2
iran,2020-03-24,24811.0,1762.0,1934.0,122.0,8913.0,13964.0,0.0,295.0,23.0
iraq,2020-03-24,316.0,50.0,27.0,4.0,75.0,214.0,0.0,8.0,0.7
ireland,2020-03-24,1329.0,204.0,7.0,1.0,5.0,1317.0,29.0,269.0,1.0
italy,2020-03-24,69176.0,5249.0,6820.0,743.0,8326.0,54030.0,3393.0,1144.0,113.0
malaysia,2020-03-24,1624.0,106.0,16.0,2.0,183.0,1425.0,64.0,50.0,0.5
netherlands,2020-03-24,5560.0,811.0,276.0,63.0,2.0,5282.0,435.0,324.0,16.0
norway,2020-03-24,2866.0,241.0,12.0,2.0,6.0,2848.0,44.0,529.0,2.0
philippines,2020-03-24,552.0,90.0,35.0,2.0,20.0,497.0,1.0,5.0,0.3
poland,2020-03-24,901.0,152.0,10.0,2.0,1.0,890.0,3.0,24.0,0.3
portugal,2020-03-24,2362.0,302.0,33.0,10.0,22.0,2307.0,48.0,232.0,3.0
south-korea,2020-03-24,9037.0,76.0,120.0,9.0,3507.0,5410.0,59.0,176.0,2.0
spain,2020-03-24,42058.0,6922.0,2991.0,680.0,3794.0,35273.0,2636.0,900.0,64.0
sweden,2020-03-24,2299.0,253.0,40.0,13.0,16.0,2243.0,143.0,228.0,4.0
switzerland,2020-03-24,9877.0,1082.0,122.0,2.0,131.0,9624.0,141.0,1141.0,14.0
uk,2020-03-24,8077.0,1427.0,422.0,87.0,135.0,7520.0,20.0,119.0,6.0
us,2020-03-24,54856.0,11075.0,780.0,225.0,379.0,53697.0,1175.0,166.0,2.0
Afghanistan,2020-03-25,84.0,10.0,2.0,1.0,2.0,80.0,0.0,2.0,0.05
Albania,2020-03-25,146.0,23.0,5.0,0.0,17.0,124.0,3.0,51.0,2.0
Andorra,2020-03-25,188.0,24.0,1.0,0.0,1.0,186.0,6.0,2433.0,13.0
Angola,2020-03-25,3.0,0.0,0.0,0.0,0.0,3.0,0.0,0.09,0.0
Antigua and Barbuda,2020-03-25,3.0,0.0,0.0,0.0,0.0,3.0,0.0,31.0,0.0
Argentina,2020-03-25,502.0,115.0,8.0,2.0,52.0,442.0,0.0,11.0,0.2
Armenia,2020-03-25,265.0,16.0,0.0,0.0,16.0,249.0,6.0,89.0,0.0
Aruba,2020-03-25,19.0,2.0,0.0,0.0,1.0,18.0,0.0,178.0,0.0
Azerbaijan,2020-03-25,93.0,6.0,2.0,1.0,10.0,81.0,6.0,9.0,0.2
Bahamas,2020-03-25,5.0,0.0,0.0,0.0,1.0,4.0,0.0,13.0,0.0
Bahrain,2020-03-25,419.0,27.0,4.0,1.0,177.0,238.0,2.0,246.0,2.0
Bangladesh,2020-03-25,39.0,0.0,5.0,1.0,7.0,27.0,0.0,0.2,0.03
Barbados,2020-03-25,18.0,0.0,0.0,0.0,0.0,18.0,0.0,63.0,0.0
Belarus,2020-03-25,86.0,5.0,0.0,0.0,29.0,57.0,2.0,9.0,0.0
Belize,2020-03-25,2.0,1.0,0.0,0.0,0.0,2.0,0.0,5.0,0.0
Benin,2020-03-25,6.0,0.0,0.0,0.0,0.0,6.0,0.0,0.5,0.0
Bermuda,2020-03-25,7.0,1.0,0.0,0.0,0.0,7.0,0.0,112.0,0.0
Bhutan,2020-03-25,2.0,0.0,0.0,0.0,0.0,2.0,0.0,3.0,0.0
Bolivia,2020-03-25,32.0,3.0,0.0,0.0,0.0,32.0,0.0,3.0,0.0
Bosnia and Herzegovina,2020-03-25,176.0,8.0,3.0,0.0,2.0,171.0,1.0,54.0,0.9
British Virgin Islands,2020-03-25,2.0,2.0,0.0,0.0,0.0,2.0,0.0,66.0,0.0
Brunei,2020-03-25,109.0,5.0,0.0,0.0,2.0,107.0,1.0,249.0,0.0
Bulgaria,2020-03-25,242.0,24.0,3.0,0.0,4.0,235.0,8.0,35.0,0.4
Burkina Faso,2020-03-25,146.0,32.0,4.0,0.0,10.0,132.0,0.0,7.0,0.2
CAR,2020-03-25,3.0,0.0,0.0,0.0,0.0,3.0,0.0,0.6,0.0
Cabo Verde,2020-03-25,4.0,1.0,1.0,0.0,0.0,3.0,0.0,7.0,2.0
Cambodia,2020-03-25,96.0,5.0,0.0,0.0,10.0,86.0,1.0,6.0,0.0
Cameroon,2020-03-25,75.0,9.0,1.0,0.0,2.0,72.0,0.0,3.0,0.04
Cayman Islands,2020-03-25,8.0,2.0,1.0,0.0,0.0,7.0,0.0,122.0,15.0
Chad,2020-03-25,3.0,0.0,0.0,0.0,0.0,3.0,0.0,0.2,0.0
Channel Islands,2020-03-25,46.0,10.0,0.0,0.0,0.0,46.0,0.0,265.0,0.0
Chile,2020-03-25,1142.0,220.0,3.0,1.0,22.0,1117.0,7.0,60.0,0.2
Colombia,2020-03-25,470.0,92.0,4.0,1.0,8.0,458.0,0.0,9.0,0.08
Congo,2020-03-25,4.0,0.0,0.0,0.0,0.0,4.0,0.0,0.7,0.0
Costa Rica,2020-03-25,201.0,24.0,2.0,0.0,2.0,197.0,4.0,39.0,0.4
Croatia,2020-03-25,442.0,60.0,1.0,0.0,22.0,419.0,6.0,108.0,0.2
Cuba,2020-03-25,57.0,9.0,1.0,0.0,1.0,55.0,2.0,5.0,0.09
Curaçao,2020-03-25,6.0,0.0,1.0,0.0,2.0,3.0,0.0,37.0,6.0
Cyprus,2020-03-25,132.0,8.0,3.0,0.0,3.0,126.0,3.0,109.0,2.0
Czechia,2020-03-25,1654.0,260.0,6.0,3.0,10.0,1638.0,19.0,154.0,0.6
DRC,2020-03-25,48.0,3.0,2.0,0.0,0.0,46.0,0.0,0.5,0.02
Diamond Princess,2020-03-25,712.0,0.0,10.0,0.0,597.0,105.0,15.0,0.0,0.0
Djibouti,2020-03-25,11.0,8.0,0.0,0.0,0.0,11.0,0.0,11.0,0.0
Dominica,2020-03-25,11.0,4.0,0.0,0.0,0.0,11.0,0.0,153.0,0.0
Dominican Republic,2020-03-25,392.0,80.0,10.0,4.0,3.0,379.0,0.0,36.0,0.9
Ecuador,2020-03-25,1211.0,129.0,29.0,2.0,3.0,1179.0,2.0,69.0,2.0
Egypt,2020-03-25,456.0,54.0,21.0,1.0,95.0,340.0,0.0,4.0,0.2
El Salvador,2020-03-25,9.0,4.0,0.0,0.0,0.0,9.0,0.0,1.0,0.0
Equatorial Guinea,2020-03-25,9.0,0.0,0.0,0.0,0.0,9.0,0.0,6.0,0.0
Eritrea,2020-03-25,4.0,3.0,0.0,0.0,0.0,4.0,0.0,1.0,0.0
Estonia,2020-03-25,404.0,35.0,1.0,1.0,8.0,395.0,6.0,305.0,0.8
Eswatini,2020-03-25,4.0,0.0,0.0,0.0,0.0,4.0,0.0,3.0,0.0
Ethiopia,2020-03-25,12.0,0.0,0.0,0.0,0.0,12.0,0.0,0.1,0.0
Faeroe Islands,2020-03-25,132.0,10.0,0.0,0.0,38.0,94.0,2.0,2701.0,0.0
Fiji,2020-03-25,5.0,1.0,0.0,0.0,0.0,5.0,0.0,6.0,0.0
Finland,2020-03-25,880.0,88.0,3.0,2.0,10.0,867.0,22.0,159.0,0.5
French Guiana,2020-03-25,28.0,5.0,0.0,0.0,6.0,22.0,0.0,94.0,0.0
French Polynesia,2020-03-25,25.0,0.0,0.0,0.0,0.0,25.0,0.0,89.0,0.0
Gabon,2020-03-25,6.0,0.0,1.0,0.0,0.0,5.0,0.0,3.0,0.4
Gambia,2020-03-25,3.0,0.0,1.0,0.0,0.0,2.0,0.0,1.0,0.4
Georgia,2020-03-25,75.0,5.0,0.0,0.0,10.0,65.0,1.0,19.0,0.0
Ghana,2020-03-25,68.0,15.0,4.0,2.0,0.0,64.0,0.0,2.0,0.1
Gibraltar,2020-03-25,26.0,11.0,0.0,0.0,5.0,21.0,0.0,772.0,0.0
Greenland,2020-03-25,6.0,1.0,0.0,0.0,2.0,4.0,0.0,106.0,0.0
Grenada,2020-03-25,1.0,0.0,0.0,0.0,0.0,1.0,0.0,9.0,0.0
Guadeloupe,2020-03-25,73.0,0.0,1.0,0.0,0.0,72.0,4.0,182.0,2.0
Guatemala,2020-03-25,24.0,3.0,1.0,0.0,4.0,19.0,0.0,1.0,0.06
Guinea,2020-03-25,4.0,0.0,0.0,0.0,0.0,4.0,0.0,0.3,0.0
Guinea-Bissau,2020-03-25,2.0,2.0,0.0,0.0,0.0,2.0,0.0,1.0,0.0
Guyana,2020-03-25,5.0,0.0,1.0,0.0,0.0,4.0,0.0,6.0,1.0
Haiti,2020-03-25,8.0,1.0,0.0,0.0,0.0,8.0,0.0,0.7,0.0
Honduras,2020-03-25,52.0,22.0,0.0,0.0,0.0,52.0,0.0,5.0,0.0
Hungary,2020-03-25,226.0,39.0,10.0,1.0,21.0,195.0,6.0,23.0,1.0
Iceland,2020-03-25,737.0,89.0,2.0,0.0,56.0,679.0,11.0,2160.0,6.0
Isle of Man,2020-03-25,23.0,0.0,0.0,0.0,0.0,23.0,0.0,270.0,0.0
Ivory Coast,2020-03-25,80.0,7.0,0.0,0.0,3.0,77.0,0.0,3.0,0.0
Jamaica,2020-03-25,26.0,5.0,1.0,0.0,2.0,23.0,0.0,9.0,0.3
Japan,2020-03-25,1307.0,114.0,45.0,2.0,310.0,952.0,57.0,10.0,0.4
Jordan,2020-03-25,172.0,18.0,0.0,0.0,1.0,171.0,0.0,17.0,0.0
Kazakhstan,2020-03-25,81.0,9.0,0.0,0.0,0.0,81.0,0.0,4.0,0.0
Kenya,2020-03-25,28.0,3.0,0.0,0.0,1.0,27.0,0.0,0.5,0.0
Kuwait,2020-03-25,195.0,4.0,0.0,0.0,43.0,152.0,6.0,46.0,0.0
Kyrgyzstan,2020-03-25,44.0,2.0,0.0,0.0,0.0,44.0,0.0,7.0,0.0
Laos,2020-03-25,3.0,1.0,0.0,0.0,0.0,3.0,0.0,0.4,0.0
Latvia,2020-03-25,221.0,24.0,0.0,0.0,1.0,220.0,0.0,117.0,0.0
Lebanon,2020-03-25,333.0,15.0,6.0,2.0,20.0,307.0,4.0,49.0,0.9
Liberia,2020-03-25,3.0,0.0,0.0,0.0,0.0,3.0,0.0,0.6,0.0
Libya,2020-03-25,1.0,0.0,0.0,0.0,0.0,1.0,0.0,0.1,0.0
Liechtenstein,2020-03-25,51.0,0.0,0.0,0.0,0.0,51.0,0.0,1338.0,0.0
Lithuania,2020-03-25,274.0,65.0,4.0,2.0,1.0,269.0,1.0,101.0,1.0
Luxembourg,2020-03-25,1333.0,234.0,8.0,0.0,6.0,1319.0,3.0,2129.0,13.0
Macao,2020-03-25,31.0,2.0,0.0,0.0,10.0,21.0,0.0,48.0,0.0
Madagascar,2020-03-25,19.0,2.0,0.0,0.0,0.0,19.0,0.0,0.7,0.0
Maldives,2020-03-25,13.0,0.0,0.0,0.0,8.0,5.0,0.0,24.0,0.0
Mali,2020-03-25,2.0,2.0,0.0,0.0,0.0,2.0,0.0,0.1,0.0
Malta,2020-03-25,129.0,19.0,0.0,0.0,2.0,127.0,1.0,292.0,0.0
Martinique,2020-03-25,66.0,9.0,1.0,0.0,0.0,65.0,7.0,176.0,3.0
Mauritania,2020-03-25,2.0,0.0,0.0,0.0,0.0,2.0,0.0,0.4,0.0
Mauritius,2020-03-25,48.0,6.0,2.0,0.0,0.0,46.0,1.0,38.0,2.0
Mayotte,2020-03-25,36.0,0.0,0.0,0.0,0.0,36.0,0.0,132.0,0.0
Mexico,2020-03-25,405.0,38.0,5.0,1.0,4.0,396.0,1.0,3.0,0.04
Moldova,2020-03-25,149.0,24.0,1.0,0.0,2.0,146.0,20.0,37.0,0.2
Monaco,2020-03-25,31.0,8.0,0.0,0.0,1.0,30.0,0.0,790.0,0.0
Mongolia,2020-03-25,10.0,0.0,0.0,0.0,0.0,10.0,0.0,3.0,0.0
Montenegro,2020-03-25,53.0,6.0,1.0,0.0,0.0,52.0,1.0,84.0,2.0
Montserrat,2020-03-25,1.0,0.0,0.0,0.0,0.0,1.0,0.0,200.0,0.0
Morocco,2020-03-25,225.0,55.0,6.0,1.0,7.0,212.0,1.0,6.0,0.2
Mozambique,2020-03-25,5.0,2.0,0.0,0.0,0.0,5.0,0.0,0.2,0.0
Myanmar,2020-03-25,3.0,0.0,0.0,0.0,0.0,3.0,0.0,0.06,0.0
Namibia,2020-03-25,7.0,0.0,0.0,0.0,2.0,5.0,0.0,3.0,0.0
Nepal,2020-03-25,3.0,1.0,0.0,0.0,1.0,2.0,0.0,0.1,0.0
New Caledonia,2020-03-25,14.0,4.0,0.0,0.0,0.0,14.0,0.0,49.0,0.0
New Zealand,2020-03-25,283.0,78.0,0.0,0.0,27.0,256.0,0.0,59.0,0.0
Nicaragua,2020-03-25,2.0,0.0,0.0,0.0,0.0,2.0,0.0,0.3,0.0
Niger,2020-03-25,7.0,4.0,1.0,1.0,0.0,6.0,0.0,0.3,0.04
Nigeria,2020-03-25,51.0,7.0,1.0,0.0,2.0,48.0,0.0,0.2,0.0
North Macedonia,2020-03-25,177.0,29.0,3.0,1.0,1.0,173.0,1.0,85.0,1.0
Oman,2020-03-25,99.0,15.0,0.0,0.0,17.0,82.0,0.0,19.0,0.0
Pakistan,2020-03-25,1063.0,91.0,8.0,1.0,21.0,1034.0,5.0,5.0,0.04
Palestine,2020-03-25,71.0,11.0,1.0,1.0,16.0,54.0,0.0,14.0,0.2
Panama,2020-03-25,558.0,115.0,8.0,2.0,2.0,548.0,20.0,129.0,2.0
Papua New Guinea,2020-03-25,1.0,0.0,0.0,0.0,0.0,1.0,0.0,0.1,0.0
Paraguay,2020-03-25,37.0,10.0,3.0,1.0,0.0,34.0,1.0,5.0,0.4
Peru,2020-03-25,480.0,64.0,9.0,2.0,1.0,470.0,9.0,15.0,0.3
Qatar,2020-03-25,537.0,11.0,0.0,0.0,41.0,496.0,6.0,186.0,0.0
Romania,2020-03-25,906.0,112.0,17.0,5.0,86.0,803.0,18.0,47.0,0.9
Russia,2020-03-25,658.0,163.0,3.0,2.0,29.0,626.0,8.0,5.0,0.02
Rwanda,2020-03-25,41.0,1.0,0.0,0.0,0.0,41.0,0.0,3.0,0.0
Réunion,2020-03-25,111.0,17.0,0.0,0.0,1.0,110.0,0.0,124.0,0.0
Saint Kitts and Nevis,2020-03-25,2.0,2.0,0.0,0.0,0.0,2.0,0.0,38.0,0.0
Saint Lucia,2020-03-25,3.0,0.0,0.0,0.0,0.0,3.0,0.0,16.0,0.0
Saint Martin,2020-03-25,11.0,3.0,0.0,0.0,0.0,11.0,0.0,284.0,0.0
San Marino,2020-03-25,208.0,21.0,21.0,0.0,4.0,183.0,12.0,6130.0,619.0
Saudi Arabia,2020-03-25,900.0,133.0,2.0,1.0,29.0,869.0,0.0,26.0,0.06
Senegal,2020-03-25,99.0,13.0,0.0,0.0,9.0,90.0,0.0,6.0,0.0
Serbia,2020-03-25,384.0,81.0,4.0,1.0,15.0,365.0,21.0,44.0,0.5
Seychelles,2020-03-25,7.0,0.0,0.0,0.0,0.0,7.0,0.0,71.0,0.0
Singapore,2020-03-25,631.0,73.0,2.0,0.0,160.0,469.0,17.0,108.0,0.3
Sint Maarten,2020-03-25,3.0,1.0,0.0,0.0,0.0,3.0,0.0,70.0,0.0
Slovakia,2020-03-25,216.0,12.0,0.0,0.0,7.0,209.0,2.0,40.0,0.0
Slovenia,2020-03-25,528.0,48.0,5.0,1.0,10.0,513.0,14.0,254.0,2.0
Somalia,2020-03-25,1.0,0.0,0.0,0.0,0.0,1.0,0.0,0.06,0.0
South Africa,2020-03-25,709.0,155.0,0.0,0.0,12.0,697.0,2.0,12.0,0.0
Sri Lanka,2020-03-25,102.0,0.0,0.0,0.0,3.0,99.0,2.0,5.0,0.0
St. Barth,2020-03-25,3.0,0.0,0.0,0.0,0.0,3.0,0.0,304.0,0.0
St. Vincent Grenadines,2020-03-25,1.0,0.0,0.0,0.0,0.0,1.0,0.0,9.0,0.0
Sudan,2020-03-25,3.0,0.0,1.0,0.0,0.0,2.0,0.0,0.07,0.02
Suriname,2020-03-25,8.0,1.0,0.0,0.0,0.0,8.0,0.0,14.0,0.0
Syria,2020-03-25,5.0,4.0,0.0,0.0,0.0,5.0,0.0,0.3,0.0
Taiwan,2020-03-25,235.0,19.0,2.0,0.0,29.0,204.0,0.0,10.0,0.08
Tanzania,2020-03-25,13.0,1.0,0.0,0.0,0.0,13.0,0.0,0.2,0.0
Thailand,2020-03-25,934.0,107.0,4.0,0.0,70.0,860.0,11.0,13.0,0.06
Timor-Leste,2020-03-25,1.0,0.0,0.0,0.0,0.0,1.0,0.0,0.8,0.0
Togo,2020-03-25,23.0,3.0,0.0,0.0,1.0,22.0,0.0,3.0,0.0
Trinidad and Tobago,2020-03-25,60.0,3.0,1.0,1.0,0.0,59.0,0.0,43.0,0.7
Tunisia,2020-03-25,173.0,59.0,5.0,1.0,2.0,166.0,11.0,15.0,0.4
Turks and Caicos,2020-03-25,1.0,0.0,0.0,0.0,0.0,1.0,0.0,26.0,0.0
UAE,2020-03-25,333.0,85.0,2.0,0.0,52.0,279.0,2.0,34.0,0.2
Uganda,2020-03-25,14.0,5.0,0.0,0.0,0.0,14.0,0.0,0.3,0.0
Ukraine,2020-03-25,145.0,43.0,5.0,2.0,1.0,139.0,0.0,3.0,0.1
Uruguay,2020-03-25,217.0,28.0,0.0,0.0,0.0,217.0,3.0,62.0,0.0
Uzbekistan,2020-03-25,60.0,10.0,0.0,0.0,0.0,60.0,4.0,2.0,0.0
Vatican City,2020-03-25,4.0,0.0,0.0,0.0,0.0,4.0,0.0,4994.0,0.0
Venezuela,2020-03-25,106.0,22.0,0.0,0.0,15.0,91.0,2.0,4.0,0.0
Vietnam,2020-03-25,148.0,14.0,0.0,0.0,17.0,131.0,3.0,2.0,0.0
Zambia,2020-03-25,12.0,9.0,0.0,0.0,0.0,12.0,0.0,0.7,0.0
Zimbabwe,2020-03-25,3.0,0.0,1.0,0.0,0.0,2.0,0.0,0.2,0.07
algeria,2020-03-25,302.0,38.0,21.0,2.0,65.0,216.0,0.0,7.0,0.5
australia,2020-03-25,2676.0,359.0,11.0,3.0,118.0,2547.0,11.0,105.0,0.4
austria,2020-03-25,5588.0,305.0,31.0,3.0,9.0,5548.0,28.0,620.0,3.0
belgium,2020-03-25,4937.0,668.0,178.0,56.0,547.0,4212.0,474.0,426.0,15.0
brazil,2020-03-25,2554.0,307.0,59.0,13.0,2.0,2493.0,18.0,12.0,0.3
canada,2020-03-25,3409.0,617.0,36.0,10.0,185.0,3188.0,1.0,90.0,1.0
china,2020-03-25,81218.0,47.0,3281.0,4.0,73650.0,4287.0,1399.0,56.0,2.0
china-hong-kong-sar,2020-03-25,411.0,24.0,4.0,0.0,102.0,305.0,4.0,55.0,0.5
denmark,2020-03-25,1724.0,133.0,34.0,2.0,1.0,1689.0,87.0,298.0,6.0
france,2020-03-25,25233.0,2929.0,1331.0,231.0,3900.0,20002.0,2827.0,387.0,20.0
germany,2020-03-25,37323.0,4332.0,206.0,47.0,3547.0,33570.0,23.0,445.0,2.0
greece,2020-03-25,821.0,78.0,22.0,2.0,36.0,763.0,53.0,79.0,2.0
india,2020-03-25,657.0,121.0,12.0,2.0,43.0,602.0,0.0,0.5,0.01
indonesia,2020-03-25,790.0,104.0,58.0,3.0,31.0,701.0,0.0,3.0,0.2
iran,2020-03-25,27017.0,2206.0,2077.0,143.0,9625.0,15315.0,0.0,322.0,25.0
iraq,2020-03-25,346.0,30.0,29.0,2.0,103.0,214.0,0.0,9.0,0.7
ireland,2020-03-25,1564.0,235.0,9.0,2.0,5.0,1550.0,39.0,317.0,2.0
israel,2020-03-25,2369.0,439.0,5.0,2.0,58.0,2306.0,37.0,274.0,0.6
italy,2020-03-25,74386.0,5210.0,7503.0,683.0,9362.0,57521.0,3489.0,1230.0,124.0
malaysia,2020-03-25,1796.0,172.0,20.0,4.0,199.0,1577.0,64.0,55.0,0.6
netherlands,2020-03-25,6412.0,852.0,356.0,80.0,3.0,6053.0,582.0,374.0,21.0
norway,2020-03-25,3084.0,218.0,14.0,2.0,6.0,3064.0,57.0,569.0,3.0
philippines,2020-03-25,636.0,84.0,38.0,3.0,26.0,572.0,1.0,6.0,0.3
poland,2020-03-25,1051.0,150.0,14.0,4.0,7.0,1030.0,3.0,28.0,0.4
portugal,2020-03-25,2995.0,633.0,43.0,10.0,22.0,2930.0,61.0,294.0,4.0
south-korea,2020-03-25,9137.0,100.0,126.0,6.0,3730.0,5281.0,59.0,178.0,2.0
spain,2020-03-25,49515.0,7457.0,3647.0,656.0,5367.0,40501.0,3166.0,1059.0,78.0
sweden,2020-03-25,2526.0,227.0,62.0,22.0,16.0,2448.0,158.0,250.0,6.0
switzerland,2020-03-25,10897.0,1020.0,153.0,31.0,131.0,10613.0,141.0,1259.0,18.0
turkey,2020-03-25,2433.0,561.0,59.0,15.0,26.0,2348.0,136.0,29.0,0.7
uk,2020-03-25,9529.0,1452.0,465.0,43.0,135.0,8929.0,163.0,140.0,7.0
us,2020-03-25,68211.0,13355.0,1027.0,247.0,394.0,66790.0,1452.0,206.0,3.0
Afghanistan,2020-03-26,94.0,10.0,4.0,2.0,2.0,88.0,0.0,2.0,0.1
Albania,2020-03-26,174.0,28.0,6.0,1.0,17.0,151.0,3.0,60.0,2.0
Andorra,2020-03-26,224.0,36.0,3.0,2.0,1.0,220.0,6.0,2899.0,39.0
Angola,2020-03-26,4.0,1.0,0.0,0.0,0.0,4.0,0.0,0.1,0.0
Anguilla,2020-03-26,2.0,2.0,0.0,0.0,0.0,2.0,0.0,133.0,0.0
Antigua and Barbuda,2020-03-26,7.0,4.0,0.0,0.0,0.0,7.0,0.0,71.0,0.0
Argentina,2020-03-26,589.0,87.0,12.0,4.0,72.0,505.0,0.0,13.0,0.3
Armenia,2020-03-26,290.0,25.0,1.0,1.0,18.0,271.0,6.0,98.0,0.3
Aruba,2020-03-26,28.0,9.0,0.0,0.0,1.0,27.0,0.0,262.0,0.0
Azerbaijan,2020-03-26,122.0,29.0,3.0,1.0,15.0,104.0,6.0,12.0,0.3
Bahamas,2020-03-26,9.0,4.0,0.0,0.0,1.0,8.0,0.0,23.0,0.0
Bahrain,2020-03-26,458.0,39.0,4.0,0.0,204.0,250.0,1.0,269.0,2.0
Bangladesh,2020-03-26,44.0,5.0,5.0,0.0,11.0,28.0,1.0,0.3,0.03
Barbados,2020-03-26,24.0,6.0,0.0,0.0,0.0,24.0,0.0,84.0,0.0
Belarus,2020-03-26,86.0,0.0,0.0,0.0,29.0,57.0,2.0,9.0,0.0
Belize,2020-03-26,2.0,0.0,0.0,0.0,0.0,2.0,0.0,5.0,0.0
Benin,2020-03-26,6.0,0.0,0.0,0.0,0.0,6.0,0.0,0.5,0.0
Bermuda,2020-03-26,15.0,8.0,0.0,0.0,2.0,13.0,0.0,241.0,0.0
Bhutan,2020-03-26,2.0,0.0,0.0,0.0,0.0,2.0,0.0,3.0,0.0
Bolivia,2020-03-26,61.0,29.0,0.0,0.0,0.0,61.0,0.0,5.0,0.0
Bosnia and Herzegovina,2020-03-26,191.0,15.0,3.0,0.0,2.0,186.0,1.0,58.0,0.9
British Virgin Islands,2020-03-26,2.0,0.0,0.0,0.0,0.0,2.0,0.0,66.0,0.0
Brunei,2020-03-26,114.0,5.0,0.0,0.0,5.0,109.0,1.0,261.0,0.0
Bulgaria,2020-03-26,264.0,22.0,3.0,0.0,8.0,253.0,8.0,38.0,0.4
Burkina Faso,2020-03-26,152.0,6.0,7.0,3.0,10.0,135.0,0.0,7.0,0.3
CAR,2020-03-26,3.0,0.0,0.0,0.0,0.0,3.0,0.0,0.6,0.0
Cabo Verde,2020-03-26,5.0,1.0,1.0,0.0,0.0,4.0,0.0,9.0,2.0
Cambodia,2020-03-26,98.0,2.0,0.0,0.0,10.0,88.0,1.0,6.0,0.0
Cameroon,2020-03-26,75.0,0.0,1.0,0.0,2.0,72.0,0.0,3.0,0.04
Cayman Islands,2020-03-26,8.0,0.0,1.0,0.0,0.0,7.0,0.0,122.0,15.0
Chad,2020-03-26,3.0,0.0,0.0,0.0,0.0,3.0,0.0,0.2,0.0
Channel Islands,2020-03-26,66.0,20.0,1.0,1.0,0.0,65.0,0.0,380.0,6.0
Chile,2020-03-26,1306.0,164.0,4.0,1.0,22.0,1280.0,7.0,68.0,0.2
Colombia,2020-03-26,491.0,21.0,6.0,2.0,8.0,477.0,0.0,10.0,0.1
Congo,2020-03-26,4.0,0.0,0.0,0.0,0.0,4.0,0.0,0.7,0.0
Costa Rica,2020-03-26,231.0,30.0,2.0,0.0,2.0,227.0,5.0,45.0,0.4
Croatia,2020-03-26,495.0,53.0,3.0,2.0,22.0,470.0,14.0,121.0,0.7
Cuba,2020-03-26,67.0,10.0,2.0,1.0,1.0,64.0,2.0,6.0,0.2
Curaçao,2020-03-26,7.0,1.0,1.0,0.0,2.0,4.0,0.0,43.0,6.0
Cyprus,2020-03-26,146.0,14.0,3.0,0.0,4.0,139.0,3.0,121.0,2.0
Czechia,2020-03-26,1925.0,271.0,9.0,3.0,10.0,1906.0,34.0,180.0,0.8
DRC,2020-03-26,51.0,3.0,3.0,1.0,0.0,48.0,0.0,0.6,0.03
Diamond Princess,2020-03-26,712.0,0.0,10.0,0.0,597.0,105.0,15.0,0.0,0.0
Djibouti,2020-03-26,11.0,0.0,0.0,0.0,0.0,11.0,0.0,11.0,0.0
Dominica,2020-03-26,11.0,0.0,0.0,0.0,0.0,11.0,0.0,153.0,0.0
Dominican Republic,2020-03-26,488.0,96.0,10.0,0.0,3.0,475.0,0.0,45.0,0.9
Ecuador,2020-03-26,1403.0,192.0,34.0,5.0,3.0,1366.0,58.0,80.0,2.0
Egypt,2020-03-26,495.0,39.0,24.0,3.0,102.0,369.0,0.0,5.0,0.2
El Salvador,2020-03-26,13.0,4.0,0.0,0.0,0.0,13.0,0.0,2.0,0.0
Equatorial Guinea,2020-03-26,12.0,3.0,0.0,0.0,0.0,12.0,0.0,9.0,0.0
Eritrea,2020-03-26,6.0,2.0,0.0,0.0,0.0,6.0,0.0,2.0,0.0
Estonia,2020-03-26,538.0,134.0,1.0,0.0,8.0,529.0,6.0,406.0,0.8
Eswatini,2020-03-26,6.0,2.0,0.0,0.0,0.0,6.0,0.0,5.0,0.0
Ethiopia,2020-03-26,12.0,0.0,0.0,0.0,0.0,12.0,0.0,0.1,0.0
Faeroe Islands,2020-03-26,140.0,8.0,0.0,0.0,47.0,93.0,0.0,2865.0,0.0
Fiji,2020-03-26,5.0,0.0,0.0,0.0,0.0,5.0,0.0,6.0,0.0
Finland,2020-03-26,958.0,78.0,5.0,2.0,10.0,943.0,24.0,173.0,0.9
French Guiana,2020-03-26,28.0,0.0,0.0,0.0,6.0,22.0,0.0,94.0,0.0
French Polynesia,2020-03-26,30.0,5.0,0.0,0.0,0.0,30.0,0.0,107.0,0.0
Gabon,2020-03-26,7.0,1.0,1.0,0.0,0.0,6.0,0.0,3.0,0.4
Gambia,2020-03-26,3.0,0.0,1.0,0.0,0.0,2.0,0.0,1.0,0.4
Georgia,2020-03-26,79.0,4.0,0.0,0.0,11.0,68.0,1.0,20.0,0.0
Ghana,2020-03-26,132.0,64.0,4.0,0.0,1.0,127.0,0.0,4.0,0.1
Gibraltar,2020-03-26,35.0,9.0,0.0,0.0,13.0,22.0,0.0,1039.0,0.0
Greenland,2020-03-26,6.0,0.0,0.0,0.0,2.0,4.0,0.0,106.0,0.0
Grenada,2020-03-26,7.0,6.0,0.0,0.0,0.0,7.0,0.0,62.0,0.0
Guadeloupe,2020-03-26,73.0,0.0,1.0,0.0,0.0,72.0,4.0,182.0,2.0
Guatemala,2020-03-26,25.0,1.0,1.0,0.0,4.0,20.0,0.0,1.0,0.06
Guinea,2020-03-26,4.0,0.0,0.0,0.0,0.0,4.0,0.0,0.3,0.0
Guinea-Bissau,2020-03-26,2.0,0.0,0.0,0.0,0.0,2.0,0.0,1.0,0.0
Guyana,2020-03-26,5.0,0.0,1.0,0.0,0.0,4.0,0.0,6.0,1.0
Haiti,2020-03-26,8.0,0.0,0.0,0.0,0.0,8.0,0.0,0.7,0.0
Honduras,2020-03-26,67.0,15.0,1.0,1.0,0.0,66.0,0.0,7.0,0.1
Hungary,2020-03-26,261.0,35.0,10.0,0.0,28.0,223.0,6.0,27.0,1.0
Iceland,2020-03-26,802.0,65.0,2.0,0.0,82.0,718.0,11.0,2350.0,6.0
Isle of Man,2020-03-26,26.0,3.0,0.0,0.0,0.0,26.0,0.0,306.0,0.0
Ivory Coast,2020-03-26,96.0,16.0,0.0,0.0,3.0,93.0,0.0,4.0,0.0
Jamaica,2020-03-26,26.0,0.0,1.0,0.0,2.0,23.0,0.0,9.0,0.3
Japan,2020-03-26,1387.0,80.0,47.0,2.0,359.0,981.0,57.0,11.0,0.4
Jordan,2020-03-26,212.0,40.0,0.0,0.0,1.0,211.0,0.0,21.0,0.0
Kazakhstan,2020-03-26,113.0,32.0,1.0,1.0,2.0,110.0,0.0,6.0,0.05
Kenya,2020-03-26,31.0,3.0,1.0,1.0,1.0,29.0,0.0,0.6,0.02
Kuwait,2020-03-26,208.0,13.0,0.0,0.0,49.0,159.0,7.0,49.0,0.0
Kyrgyzstan,2020-03-26,44.0,0.0,0.0,0.0,0.0,44.0,0.0,7.0,0.0
Laos,2020-03-26,6.0,3.0,0.0,0.0,0.0,6.0,0.0,0.8,0.0
Latvia,2020-03-26,244.0,23.0,0.0,0.0,1.0,243.0,0.0,129.0,0.0
Lebanon,2020-03-26,368.0,35.0,6.0,0.0,23.0,339.0,3.0,54.0,0.9
Liberia,2020-03-26,3.0,0.0,0.0,0.0,0.0,3.0,0.0,0.6,0.0
Libya,2020-03-26,1.0,0.0,0.0,0.0,0.0,1.0,0.0,0.1,0.0
Liechtenstein,2020-03-26,56.0,5.0,0.0,0.0,0.0,56.0,0.0,1469.0,0.0
Lithuania,2020-03-26,299.0,25.0,4.0,0.0,1.0,294.0,1.0,110.0,1.0
Luxembourg,2020-03-26,1453.0,120.0,9.0,1.0,6.0,1438.0,3.0,2321.0,14.0
Macao,2020-03-26,33.0,2.0,0.0,0.0,10.0,23.0,0.0,51.0,0.0
Madagascar,2020-03-26,23.0,4.0,0.0,0.0,0.0,23.0,0.0,0.8,0.0
Maldives,2020-03-26,13.0,0.0,0.0,0.0,8.0,5.0,0.0,24.0,0.0
Mali,2020-03-26,4.0,2.0,0.0,0.0,0.0,4.0,0.0,0.2,0.0
Malta,2020-03-26,134.0,5.0,0.0,0.0,2.0,132.0,1.0,303.0,0.0
Martinique,2020-03-26,81.0,15.0,1.0,0.0,0.0,80.0,12.0,216.0,3.0
Mauritania,2020-03-26,3.0,1.0,0.0,0.0,0.0,3.0,0.0,0.6,0.0
Mauritius,2020-03-26,81.0,33.0,2.0,0.0,0.0,79.0,1.0,64.0,2.0
Mayotte,2020-03-26,36.0,0.0,0.0,0.0,0.0,36.0,0.0,132.0,0.0
Mexico,2020-03-26,475.0,70.0,6.0,1.0,4.0,465.0,1.0,4.0,0.05
Moldova,2020-03-26,177.0,28.0,1.0,0.0,2.0,174.0,28.0,44.0,0.2
Monaco,2020-03-26,33.0,2.0,0.0,0.0,1.0,32.0,0.0,841.0,0.0
Mongolia,2020-03-26,11.0,1.0,0.0,0.0,0.0,11.0,0.0,3.0,0.0
Montenegro,2020-03-26,69.0,16.0,1.0,0.0,0.0,68.0,1.0,110.0,2.0
Montserrat,2020-03-26,5.0,4.0,0.0,0.0,0.0,5.0,0.0,1002.0,0.0
Morocco,2020-03-26,275.0,50.0,11.0,5.0,8.0,256.0,1.0,7.0,0.3
Mozambique,2020-03-26,7.0,2.0,0.0,0.0,0.0,7.0,0.0,0.2,0.0
Myanmar,2020-03-26,5.0,2.0,0.0,0.0,0.0,5.0,0.0,0.09,0.0
Namibia,2020-03-26,8.0,1.0,0.0,0.0,2.0,6.0,0.0,3.0,0.0
Nepal,2020-03-26,3.0,0.0,0.0,0.0,1.0,2.0,0.0,0.1,0.0
New Caledonia,2020-03-26,14.0,0.0,0.0,0.0,0.0,14.0,0.0,49.0,0.0
New Zealand,2020-03-26,368.0,85.0,0.0,0.0,37.0,331.0,1.0,76.0,0.0
Nicaragua,2020-03-26,2.0,0.0,0.0,0.0,0.0,2.0,0.0,0.3,0.0
Niger,2020-03-26,10.0,3.0,1.0,0.0,0.0,9.0,0.0,0.4,0.04
Nigeria,2020-03-26,65.0,14.0,1.0,0.0,3.0,61.0,0.0,0.3,0.0
North Macedonia,2020-03-26,201.0,24.0,3.0,0.0,3.0,195.0,1.0,96.0,1.0
Oman,2020-03-26,109.0,10.0,0.0,0.0,23.0,86.0,0.0,21.0,0.0
Pakistan,2020-03-26,1201.0,138.0,9.0,1.0,21.0,1171.0,5.0,5.0,0.04
Palestine,2020-03-26,86.0,15.0,1.0,0.0,17.0,68.0,0.0,17.0,0.2
Panama,2020-03-26,674.0,116.0,9.0,1.0,2.0,663.0,20.0,156.0,2.0
Papua New Guinea,2020-03-26,1.0,0.0,0.0,0.0,0.0,1.0,0.0,0.1,0.0
Paraguay,2020-03-26,41.0,4.0,3.0,0.0,0.0,38.0,1.0,6.0,0.4
Peru,2020-03-26,580.0,100.0,9.0,0.0,14.0,557.0,14.0,18.0,0.3
Qatar,2020-03-26,549.0,12.0,0.0,0.0,43.0,506.0,6.0,191.0,0.0
Romania,2020-03-26,1029.0,123.0,23.0,6.0,94.0,912.0,29.0,53.0,1.0
Russia,2020-03-26,840.0,182.0,3.0,0.0,38.0,799.0,8.0,6.0,0.02
Rwanda,2020-03-26,50.0,9.0,0.0,0.0,0.0,50.0,0.0,4.0,0.0
Réunion,2020-03-26,135.0,24.0,0.0,0.0,1.0,134.0,0.0,151.0,0.0
Saint Kitts and Nevis,2020-03-26,2.0,0.0,0.0,0.0,0.0,2.0,0.0,38.0,0.0
Saint Lucia,2020-03-26,3.0,0.0,0.0,0.0,1.0,2.0,0.0,16.0,0.0
Saint Martin,2020-03-26,11.0,0.0,0.0,0.0,0.0,11.0,0.0,284.0,0.0
San Marino,2020-03-26,208.0,0.0,21.0,0.0,4.0,183.0,12.0,6130.0,619.0
Saudi Arabia,2020-03-26,1012.0,112.0,3.0,1.0,33.0,976.0,6.0,29.0,0.09
Senegal,2020-03-26,105.0,6.0,0.0,0.0,9.0,96.0,0.0,6.0,0.0
Serbia,2020-03-26,457.0,73.0,7.0,3.0,15.0,435.0,21.0,52.0,0.8
Seychelles,2020-03-26,7.0,0.0,0.0,0.0,0.0,7.0,0.0,71.0,0.0
Singapore,2020-03-26,683.0,52.0,2.0,0.0,172.0,509.0,17.0,117.0,0.3
Sint Maarten,2020-03-26,3.0,0.0,0.0,0.0,0.0,3.0,0.0,70.0,0.0
Slovakia,2020-03-26,226.0,10.0,0.0,0.0,2.0,224.0,2.0,41.0,0.0
Slovenia,2020-03-26,562.0,34.0,6.0,1.0,10.0,546.0,14.0,270.0,3.0
Somalia,2020-03-26,2.0,1.0,0.0,0.0,0.0,2.0,0.0,0.1,0.0
South Africa,2020-03-26,927.0,218.0,0.0,0.0,12.0,915.0,2.0,16.0,0.0
Sri Lanka,2020-03-26,106.0,4.0,0.0,0.0,7.0,99.0,3.0,5.0,0.0
St. Barth,2020-03-26,3.0,0.0,0.0,0.0,0.0,3.0,0.0,304.0,0.0
St. Vincent Grenadines,2020-03-26,1.0,0.0,0.0,0.0,0.0,1.0,0.0,9.0,0.0
Sudan,2020-03-26,3.0,0.0,1.0,0.0,0.0,2.0,0.0,0.07,0.02
Suriname,2020-03-26,8.0,0.0,0.0,0.0,0.0,8.0,0.0,14.0,0.0
Syria,2020-03-26,5.0,0.0,0.0,0.0,0.0,5.0,0.0,0.3,0.0
Taiwan,2020-03-26,252.0,17.0,2.0,0.0,29.0,221.0,0.0,11.0,0.08
Tanzania,2020-03-26,13.0,0.0,0.0,0.0,0.0,13.0,0.0,0.2,0.0
Thailand,2020-03-26,1045.0,111.0,4.0,0.0,88.0,953.0,4.0,15.0,0.06
Timor-Leste,2020-03-26,1.0,0.0,0.0,0.0,0.0,1.0,0.0,0.8,0.0
Togo,2020-03-26,24.0,1.0,0.0,0.0,1.0,23.0,0.0,3.0,0.0
Trinidad and Tobago,2020-03-26,65.0,5.0,1.0,0.0,0.0,64.0,0.0,46.0,0.7
Tunisia,2020-03-26,197.0,24.0,5.0,0.0,2.0,190.0,10.0,17.0,0.4
Turks and Caicos,2020-03-26,2.0,1.0,0.0,0.0,0.0,2.0,0.0,52.0,0.0
UAE,2020-03-26,333.0,0.0,2.0,0.0,52.0,279.0,2.0,34.0,0.2
Uganda,2020-03-26,14.0,0.0,0.0,0.0,0.0,14.0,0.0,0.3,0.0
Ukraine,2020-03-26,196.0,51.0,5.0,0.0,1.0,190.0,0.0,4.0,0.1
Uruguay,2020-03-26,238.0,21.0,0.0,0.0,0.0,238.0,3.0,69.0,0.0
Uzbekistan,2020-03-26,75.0,15.0,0.0,0.0,0.0,75.0,4.0,2.0,0.0
Vatican City,2020-03-26,4.0,0.0,0.0,0.0,0.0,4.0,0.0,4994.0,0.0
Venezuela,2020-03-26,107.0,1.0,1.0,1.0,15.0,91.0,2.0,4.0,0.04
Vietnam,2020-03-26,153.0,5.0,0.0,0.0,20.0,133.0,3.0,2.0,0.0
Zambia,2020-03-26,16.0,4.0,0.0,0.0,0.0,16.0,0.0,0.9,0.0
Zimbabwe,2020-03-26,3.0,0.0,1.0,0.0,0.0,2.0,0.0,0.2,0.07
algeria,2020-03-26,367.0,65.0,25.0,4.0,29.0,313.0,0.0,8.0,0.6
australia,2020-03-26,3050.0,374.0,13.0,2.0,170.0,2867.0,23.0,120.0,0.5
austria,2020-03-26,6909.0,1321.0,49.0,18.0,112.0,6748.0,96.0,767.0,5.0
belgium,2020-03-26,6235.0,1298.0,220.0,42.0,675.0,5340.0,605.0,538.0,19.0
brazil,2020-03-26,2985.0,431.0,77.0,18.0,6.0,2902.0,18.0,14.0,0.4
canada,2020-03-26,4043.0,634.0,39.0,3.0,228.0,3776.0,120.0,107.0,1.0
china,2020-03-26,81285.0,67.0,3287.0,6.0,74051.0,3947.0,1235.0,56.0,2.0
china-hong-kong-sar,2020-03-26,454.0,43.0,4.0,0.0,110.0,340.0,5.0,61.0,0.5
denmark,2020-03-26,1877.0,153.0,41.0,7.0,1.0,1835.0,94.0,324.0,7.0
france,2020-03-26,29155.0,3922.0,1696.0,365.0,4948.0,22511.0,3375.0,447.0,26.0
germany,2020-03-26,43938.0,6615.0,267.0,61.0,5673.0,37998.0,23.0,524.0,3.0
greece,2020-03-26,892.0,71.0,27.0,5.0,36.0,829.0,53.0,86.0,3.0
india,2020-03-26,727.0,70.0,20.0,8.0,45.0,662.0,0.0,0.5,0.01
indonesia,2020-03-26,893.0,103.0,78.0,20.0,35.0,780.0,0.0,3.0,0.3
iran,2020-03-26,29406.0,2389.0,2234.0,157.0,10457.0,16715.0,2746.0,350.0,27.0
iraq,2020-03-26,382.0,36.0,36.0,7.0,105.0,241.0,0.0,9.0,0.9
ireland,2020-03-26,1819.0,255.0,19.0,10.0,5.0,1795.0,47.0,368.0,4.0
israel,2020-03-26,2693.0,324.0,8.0,3.0,68.0,2617.0,46.0,311.0,0.9
italy,2020-03-26,80589.0,6203.0,8215.0,712.0,10361.0,62013.0,3612.0,1333.0,136.0
malaysia,2020-03-26,2031.0,235.0,23.0,3.0,215.0,1793.0,45.0,63.0,0.7
netherlands,2020-03-26,7431.0,1019.0,434.0,78.0,3.0,6994.0,761.0,434.0,25.0
norway,2020-03-26,3372.0,288.0,14.0,0.0,6.0,3352.0,70.0,622.0,3.0
philippines,2020-03-26,707.0,71.0,45.0,7.0,28.0,634.0,1.0,6.0,0.4
poland,2020-03-26,1221.0,170.0,16.0,2.0,7.0,1198.0,3.0,32.0,0.4
portugal,2020-03-26,3544.0,549.0,60.0,17.0,43.0,3441.0,61.0,348.0,6.0
south-korea,2020-03-26,9241.0,104.0,131.0,5.0,4144.0,4966.0,59.0,180.0,3.0
spain,2020-03-26,57786.0,8271.0,4365.0,718.0,7015.0,46406.0,3166.0,1236.0,93.0
sweden,2020-03-26,2840.0,314.0,77.0,15.0,16.0,2747.0,200.0,281.0,8.0
switzerland,2020-03-26,11811.0,914.0,192.0,39.0,131.0,11488.0,141.0,1365.0,22.0
turkey,2020-03-26,3629.0,1196.0,75.0,16.0,26.0,3528.0,136.0,43.0,0.9
uk,2020-03-26,11658.0,2129.0,578.0,115.0,135.0,10945.0,163.0,172.0,9.0
us,2020-03-26,85435.0,17224.0,1295.0,268.0,1868.0,82272.0,2122.0,258.0,4.0
Afghanistan,2020-03-27,110.0,16.0,4.0,0.0,2.0,104.0,0.0,3.0,0.1
Albania,2020-03-27,186.0,12.0,8.0,2.0,31.0,147.0,3.0,65.0,3.0
Andorra,2020-03-27,267.0,43.0,3.0,0.0,1.0,263.0,11.0,3456.0,39.0
Angola,2020-03-27,4.0,0.0,0.0,0.0,0.0,4.0,0.0,0.1,0.0
Anguilla,2020-03-27,2.0,0.0,0.0,0.0,0.0,2.0,0.0,133.0,0.0
Antigua and Barbuda,2020-03-27,7.0,0.0,0.0,0.0,0.0,7.0,0.0,71.0,0.0
Argentina,2020-03-27,589.0,0.0,13.0,1.0,72.0,504.0,0.0,13.0,0.3
Armenia,2020-03-27,329.0,39.0,1.0,0.0,28.0,300.0,6.0,111.0,0.3
Aruba,2020-03-27,33.0,5.0,0.0,0.0,1.0,32.0,0.0,309.0,0.0
Azerbaijan,2020-03-27,165.0,43.0,3.0,0.0,15.0,147.0,6.0,16.0,0.3
Bahamas,2020-03-27,10.0,1.0,0.0,0.0,1.0,9.0,0.0,25.0,0.0
Bahrain,2020-03-27,466.0,8.0,4.0,0.0,227.0,235.0,1.0,274.0,2.0
Bangladesh,2020-03-27,48.0,4.0,5.0,0.0,11.0,32.0,1.0,0.3,0.03
Barbados,2020-03-27,26.0,2.0,0.0,0.0,0.0,26.0,0.0,90.0,0.0
Belarus,2020-03-27,94.0,8.0,0.0,0.0,32.0,62.0,2.0,10.0,0.0
Belize,2020-03-27,2.0,0.0,0.0,0.0,0.0,2.0,0.0,5.0,0.0
Benin,2020-03-27,6.0,0.0,0.0,0.0,0.0,6.0,0.0,0.5,0.0
Bermuda,2020-03-27,17.0,2.0,0.0,0.0,2.0,15.0,0.0,273.0,0.0
Bhutan,2020-03-27,3.0,1.0,0.0,0.0,0.0,3.0,0.0,4.0,0.0
Bolivia,2020-03-27,61.0,0.0,0.0,0.0,0.0,61.0,0.0,5.0,0.0
Bosnia and Herzegovina,2020-03-27,237.0,46.0,4.0,1.0,5.0,228.0,1.0,72.0,1.0
British Virgin Islands,2020-03-27,2.0,0.0,0.0,0.0,0.0,2.0,0.0,66.0,0.0
Brunei,2020-03-27,115.0,1.0,0.0,0.0,11.0,104.0,1.0,263.0,0.0
Bulgaria,2020-03-27,293.0,29.0,3.0,0.0,9.0,281.0,8.0,42.0,0.4
Burkina Faso,2020-03-27,180.0,28.0,9.0,2.0,12.0,159.0,0.0,9.0,0.4
CAR,2020-03-27,3.0,0.0,0.0,0.0,0.0,3.0,0.0,0.6,0.0
Cabo Verde,2020-03-27,5.0,0.0,1.0,0.0,0.0,4.0,0.0,9.0,2.0
Cambodia,2020-03-27,99.0,1.0,0.0,0.0,11.0,88.0,1.0,6.0,0.0
Cameroon,2020-03-27,91.0,16.0,2.0,1.0,2.0,87.0,0.0,3.0,0.08
Cayman Islands,2020-03-27,8.0,0.0,1.0,0.0,0.0,7.0,0.0,122.0,15.0
Chad,2020-03-27,3.0,0.0,0.0,0.0,0.0,3.0,0.0,0.2,0.0
Channel Islands,2020-03-27,88.0,22.0,1.0,0.0,0.0,87.0,0.0,506.0,6.0
Chile,2020-03-27,1610.0,304.0,5.0,1.0,43.0,1562.0,7.0,84.0,0.3
Colombia,2020-03-27,539.0,48.0,6.0,0.0,10.0,523.0,0.0,11.0,0.1
Congo,2020-03-27,4.0,0.0,0.0,0.0,0.0,4.0,0.0,0.7,0.0
Costa Rica,2020-03-27,263.0,32.0,2.0,0.0,3.0,258.0,5.0,52.0,0.4
Croatia,2020-03-27,586.0,91.0,3.0,0.0,37.0,546.0,14.0,143.0,0.7
Cuba,2020-03-27,80.0,13.0,2.0,0.0,4.0,74.0,2.0,7.0,0.2
Curaçao,2020-03-27,8.0,1.0,1.0,0.0,2.0,5.0,0.0,49.0,6.0
Cyprus,2020-03-27,162.0,16.0,5.0,2.0,15.0,142.0,3.0,134.0,4.0
Czechia,2020-03-27,2279.0,354.0,9.0,0.0,11.0,2259.0,34.0,213.0,0.8
DRC,2020-03-27,51.0,0.0,3.0,0.0,2.0,46.0,0.0,0.6,0.03
Diamond Princess,2020-03-27,712.0,0.0,10.0,0.0,597.0,105.0,15.0,0.0,0.0
Djibouti,2020-03-27,12.0,1.0,0.0,0.0,0.0,12.0,0.0,12.0,0.0
Dominica,2020-03-27,11.0,0.0,0.0,0.0,0.0,11.0,0.0,153.0,0.0
Dominican Republic,2020-03-27,581.0,93.0,20.0,10.0,3.0,558.0,0.0,54.0,2.0
Ecuador,2020-03-27,1627.0,224.0,41.0,7.0,3.0,1583.0,58.0,92.0,2.0
Egypt,2020-03-27,536.0,41.0,30.0,6.0,116.0,390.0,0.0,5.0,0.3
El Salvador,2020-03-27,13.0,0.0,0.0,0.0,0.0,13.0,0.0,2.0,0.0
Equatorial Guinea,2020-03-27,12.0,0.0,0.0,0.0,0.0,12.0,0.0,9.0,0.0
Eritrea,2020-03-27,6.0,0.0,0.0,0.0,0.0,6.0,0.0,2.0,0.0
Estonia,2020-03-27,575.0,37.0,1.0,0.0,11.0,563.0,7.0,433.0,0.8
Eswatini,2020-03-27,9.0,3.0,0.0,0.0,0.0,9.0,0.0,8.0,0.0
Ethiopia,2020-03-27,16.0,4.0,0.0,0.0,0.0,16.0,0.0,0.1,0.0
Faeroe Islands,2020-03-27,144.0,4.0,0.0,0.0,54.0,90.0,2.0,2947.0,0.0
Fiji,2020-03-27,5.0,0.0,0.0,0.0,0.0,5.0,0.0,6.0,0.0
Finland,2020-03-27,1041.0,83.0,7.0,2.0,10.0,1024.0,32.0,188.0,1.0
French Guiana,2020-03-27,28.0,0.0,0.0,0.0,6.0,22.0,0.0,94.0,0.0
French Polynesia,2020-03-27,30.0,0.0,0.0,0.0,0.0,30.0,0.0,107.0,0.0
Gabon,2020-03-27,7.0,0.0,1.0,0.0,0.0,6.0,0.0,3.0,0.4
Gambia,2020-03-27,3.0,0.0,1.0,0.0,0.0,2.0,0.0,1.0,0.4
Georgia,2020-03-27,83.0,4.0,0.0,0.0,14.0,69.0,1.0,21.0,0.0
Ghana,2020-03-27,137.0,5.0,4.0,0.0,2.0,131.0,1.0,4.0,0.1
Gibraltar,2020-03-27,55.0,20.0,0.0,0.0,14.0,41.0,0.0,1632.0,0.0
Greenland,2020-03-27,10.0,4.0,0.0,0.0,2.0,8.0,0.0,176.0,0.0
Grenada,2020-03-27,7.0,0.0,0.0,0.0,0.0,7.0,0.0,62.0,0.0
Guadeloupe,2020-03-27,73.0,0.0,1.0,0.0,0.0,72.0,4.0,182.0,2.0
Guatemala,2020-03-27,28.0,3.0,1.0,0.0,4.0,23.0,1.0,2.0,0.06
Guinea,2020-03-27,8.0,4.0,0.0,0.0,0.0,8.0,0.0,0.6,0.0
Guinea-Bissau,2020-03-27,2.0,0.0,0.0,0.0,0.0,2.0,0.0,1.0,0.0
Guyana,2020-03-27,5.0,0.0,1.0,0.0,0.0,4.0,0.0,6.0,1.0
Haiti,2020-03-27,8.0,0.0,0.0,0.0,0.0,8.0,0.0,0.7,0.0
Honduras,2020-03-27,68.0,1.0,1.0,0.0,0.0,67.0,4.0,7.0,0.1
Hungary,2020-03-27,300.0,39.0,10.0,0.0,34.0,256.0,6.0,31.0,1.0
Iceland,2020-03-27,890.0,88.0,2.0,0.0,97.0,791.0,18.0,2608.0,6.0
Isle of Man,2020-03-27,29.0,3.0,0.0,0.0,0.0,29.0,0.0,341.0,0.0
Ivory Coast,2020-03-27,101.0,5.0,0.0,0.0,3.0,98.0,0.0,4.0,0.0
Jamaica,2020-03-27,26.0,0.0,1.0,0.0,2.0,23.0,0.0,9.0,0.3
Japan,2020-03-27,1499.0,112.0,49.0,2.0,372.0,1078.0,56.0,12.0,0.4
Jordan,2020-03-27,235.0,23.0,1.0,1.0,18.0,216.0,0.0,23.0,0.1
Kazakhstan,2020-03-27,150.0,37.0,1.0,0.0,3.0,146.0,0.0,8.0,0.05
Kenya,2020-03-27,31.0,0.0,1.0,0.0,1.0,29.0,2.0,0.6,0.02
Kuwait,2020-03-27,225.0,17.0,0.0,0.0,57.0,168.0,11.0,53.0,0.0
Kyrgyzstan,2020-03-27,58.0,14.0,0.0,0.0,0.0,58.0,0.0,9.0,0.0
Laos,2020-03-27,6.0,0.0,0.0,0.0,0.0,6.0,0.0,0.8,0.0
Latvia,2020-03-27,280.0,36.0,0.0,0.0,1.0,279.0,0.0,148.0,0.0
Lebanon,2020-03-27,391.0,23.0,8.0,2.0,27.0,356.0,3.0,57.0,1.0
Liberia,2020-03-27,3.0,0.0,0.0,0.0,0.0,3.0,0.0,0.6,0.0
Libya,2020-03-27,1.0,0.0,0.0,0.0,0.0,1.0,0.0,0.1,0.0
Liechtenstein,2020-03-27,56.0,0.0,0.0,0.0,0.0,56.0,0.0,1469.0,0.0
Lithuania,2020-03-27,358.0,59.0,5.0,1.0,1.0,352.0,2.0,132.0,2.0
Luxembourg,2020-03-27,1605.0,152.0,15.0,6.0,40.0,1550.0,25.0,2564.0,24.0
MS Zaandam,2020-03-27,2.0,2.0,0.0,0.0,0.0,2.0,0.0,0.0,0.0
Macao,2020-03-27,34.0,1.0,0.0,0.0,10.0,24.0,0.0,52.0,0.0
Madagascar,2020-03-27,26.0,3.0,0.0,0.0,0.0,26.0,0.0,0.9,0.0
Maldives,2020-03-27,16.0,3.0,0.0,0.0,9.0,7.0,0.0,30.0,0.0
Mali,2020-03-27,11.0,7.0,0.0,0.0,0.0,11.0,0.0,0.5,0.0
Malta,2020-03-27,139.0,5.0,0.0,0.0,2.0,137.0,1.0,315.0,0.0
Martinique,2020-03-27,93.0,12.0,1.0,0.0,0.0,92.0,12.0,248.0,3.0
Mauritania,2020-03-27,3.0,0.0,0.0,0.0,0.0,3.0,0.0,0.6,0.0
Mauritius,2020-03-27,94.0,13.0,2.0,0.0,0.0,92.0,1.0,74.0,2.0
Mayotte,2020-03-27,50.0,14.0,0.0,0.0,0.0,50.0,0.0,183.0,0.0
Mexico,2020-03-27,585.0,110.0,8.0,2.0,4.0,573.0,1.0,5.0,0.06
Moldova,2020-03-27,199.0,22.0,2.0,1.0,2.0,195.0,33.0,49.0,0.5
Monaco,2020-03-27,42.0,9.0,0.0,0.0,1.0,41.0,0.0,1070.0,0.0
Mongolia,2020-03-27,11.0,0.0,0.0,0.0,0.0,11.0,0.0,3.0,0.0
Montenegro,2020-03-27,82.0,13.0,1.0,0.0,0.0,81.0,1.0,131.0,2.0
Montserrat,2020-03-27,5.0,0.0,0.0,0.0,0.0,5.0,0.0,1002.0,0.0
Morocco,2020-03-27,345.0,70.0,23.0,12.0,11.0,311.0,1.0,9.0,0.6
Mozambique,2020-03-27,7.0,0.0,0.0,0.0,0.0,7.0,0.0,0.2,0.0
Myanmar,2020-03-27,8.0,3.0,0.0,0.0,0.0,8.0,0.0,0.1,0.0
Namibia,2020-03-27,8.0,0.0,0.0,0.0,2.0,6.0,0.0,3.0,0.0
Nepal,2020-03-27,4.0,1.0,0.0,0.0,1.0,3.0,0.0,0.1,0.0
New Caledonia,2020-03-27,15.0,1.0,0.0,0.0,0.0,15.0,0.0,53.0,0.0
New Zealand,2020-03-27,368.0,0.0,0.0,0.0,37.0,331.0,1.0,76.0,0.0
Nicaragua,2020-03-27,4.0,2.0,1.0,1.0,0.0,3.0,0.0,0.6,0.2
Niger,2020-03-27,10.0,0.0,1.0,0.0,0.0,9.0,0.0,0.4,0.04
Nigeria,2020-03-27,70.0,5.0,1.0,0.0,3.0,66.0,0.0,0.3,0.0
North Macedonia,2020-03-27,219.0,18.0,3.0,0.0,3.0,213.0,1.0,105.0,1.0
Oman,2020-03-27,131.0,22.0,0.0,0.0,23.0,108.0,0.0,26.0,0.0
Pakistan,2020-03-27,1373.0,172.0,11.0,2.0,23.0,1339.0,7.0,6.0,0.05
Palestine,2020-03-27,91.0,5.0,1.0,0.0,17.0,73.0,0.0,18.0,0.2
Panama,2020-03-27,786.0,112.0,14.0,5.0,2.0,770.0,20.0,182.0,3.0
Papua New Guinea,2020-03-27,1.0,0.0,0.0,0.0,0.0,1.0,0.0,0.1,0.0
Paraguay,2020-03-27,52.0,11.0,3.0,0.0,1.0,48.0,1.0,7.0,0.4
Peru,2020-03-27,635.0,55.0,11.0,2.0,16.0,608.0,21.0,19.0,0.3
Qatar,2020-03-27,562.0,13.0,0.0,0.0,43.0,519.0,6.0,195.0,0.0
Romania,2020-03-27,1292.0,263.0,26.0,3.0,115.0,1151.0,32.0,67.0,1.0
Russia,2020-03-27,1036.0,196.0,4.0,1.0,45.0,987.0,8.0,7.0,0.03
Rwanda,2020-03-27,54.0,4.0,0.0,0.0,0.0,54.0,0.0,4.0,0.0
Réunion,2020-03-27,145.0,10.0,0.0,0.0,1.0,144.0,0.0,162.0,0.0
Saint Kitts and Nevis,2020-03-27,2.0,0.0,0.0,0.0,0.0,2.0,0.0,38.0,0.0
Saint Lucia,2020-03-27,3.0,0.0,0.0,0.0,1.0,2.0,0.0,16.0,0.0
Saint Martin,2020-03-27,11.0,0.0,0.0,0.0,0.0,11.0,0.0,284.0,0.0
San Marino,2020-03-27,223.0,15.0,21.0,0.0,6.0,196.0,15.0,6572.0,619.0
Saudi Arabia,2020-03-27,1104.0,92.0,3.0,0.0,35.0,1066.0,6.0,32.0,0.09
Senegal,2020-03-27,119.0,14.0,0.0,0.0,11.0,108.0,0.0,7.0,0.0
Serbia,2020-03-27,528.0,71.0,8.0,1.0,42.0,478.0,25.0,60.0,0.9
Seychelles,2020-03-27,7.0,0.0,0.0,0.0,0.0,7.0,0.0,71.0,0.0
Singapore,2020-03-27,732.0,49.0,2.0,0.0,183.0,547.0,17.0,125.0,0.3
Sint Maarten,2020-03-27,3.0,0.0,0.0,0.0,0.0,3.0,0.0,70.0,0.0
Slovakia,2020-03-27,269.0,43.0,0.0,0.0,2.0,267.0,1.0,49.0,0.0
Slovenia,2020-03-27,632.0,70.0,9.0,3.0,10.0,613.0,14.0,304.0,4.0
Somalia,2020-03-27,3.0,1.0,0.0,0.0,0.0,3.0,0.0,0.2,0.0
South Africa,2020-03-27,1170.0,243.0,1.0,1.0,31.0,1138.0,7.0,20.0,0.02
Sri Lanka,2020-03-27,106.0,0.0,0.0,0.0,7.0,99.0,5.0,5.0,0.0
St. Barth,2020-03-27,5.0,2.0,0.0,0.0,0.0,5.0,0.0,506.0,0.0
St. Vincent Grenadines,2020-03-27,1.0,0.0,0.0,0.0,0.0,1.0,0.0,9.0,0.0
Sudan,2020-03-27,3.0,0.0,1.0,0.0,0.0,2.0,0.0,0.07,0.02
Suriname,2020-03-27,8.0,0.0,0.0,0.0,0.0,8.0,0.0,14.0,0.0
Syria,2020-03-27,5.0,0.0,0.0,0.0,0.0,5.0,0.0,0.3,0.0
Taiwan,2020-03-27,267.0,15.0,2.0,0.0,30.0,235.0,0.0,11.0,0.08
Tanzania,2020-03-27,13.0,0.0,0.0,0.0,1.0,12.0,0.0,0.2,0.0
Thailand,2020-03-27,1136.0,91.0,5.0,1.0,97.0,1034.0,11.0,16.0,0.07
Timor-Leste,2020-03-27,1.0,0.0,0.0,0.0,0.0,1.0,0.0,0.8,0.0
Togo,2020-03-27,25.0,1.0,1.0,1.0,1.0,23.0,0.0,3.0,0.1
Trinidad and Tobago,2020-03-27,66.0,1.0,2.0,1.0,1.0,63.0,0.0,47.0,1.0
Tunisia,2020-03-27,227.0,30.0,7.0,2.0,2.0,218.0,10.0,19.0,0.6
Turks and Caicos,2020-03-27,2.0,0.0,0.0,0.0,0.0,2.0,0.0,52.0,0.0
UAE,2020-03-27,405.0,72.0,2.0,0.0,52.0,351.0,2.0,41.0,0.2
Uganda,2020-03-27,23.0,9.0,0.0,0.0,0.0,23.0,0.0,0.5,0.0
Ukraine,2020-03-27,310.0,114.0,5.0,0.0,5.0,300.0,0.0,7.0,0.1
Uruguay,2020-03-27,238.0,0.0,0.0,0.0,0.0,238.0,3.0,69.0,0.0
Uzbekistan,2020-03-27,88.0,13.0,1.0,1.0,5.0,82.0,8.0,3.0,0.03
Vatican City,2020-03-27,4.0,0.0,0.0,0.0,0.0,4.0,0.0,4994.0,0.0
Venezuela,2020-03-27,113.0,6.0,2.0,1.0,31.0,80.0,2.0,4.0,0.07
Vietnam,2020-03-27,163.0,10.0,0.0,0.0,20.0,143.0,3.0,2.0,0.0
Zambia,2020-03-27,22.0,6.0,0.0,0.0,0.0,22.0,0.0,1.0,0.0
Zimbabwe,2020-03-27,5.0,2.0,1.0,0.0,0.0,4.0,0.0,0.3,0.07
algeria,2020-03-27,409.0,42.0,26.0,1.0,29.0,354.0,0.0,9.0,0.6
australia,2020-03-27,3378.0,328.0,13.0,0.0,170.0,3195.0,23.0,132.0,0.5
austria,2020-03-27,7697.0,788.0,58.0,9.0,225.0,7414.0,128.0,855.0,6.0
belgium,2020-03-27,7284.0,1049.0,289.0,69.0,858.0,6137.0,690.0,628.0,25.0
brazil,2020-03-27,3417.0,432.0,92.0,15.0,6.0,3319.0,296.0,16.0,0.4
canada,2020-03-27,4757.0,714.0,55.0,16.0,354.0,4348.0,120.0,126.0,1.0
china,2020-03-27,81340.0,55.0,3292.0,5.0,74588.0,3460.0,1034.0,57.0,2.0
china-hong-kong-sar,2020-03-27,519.0,65.0,4.0,0.0,111.0,404.0,5.0,69.0,0.5
denmark,2020-03-27,2046.0,169.0,52.0,11.0,1.0,1993.0,109.0,353.0,9.0
france,2020-03-27,32964.0,3809.0,1995.0,299.0,5700.0,25269.0,3787.0,505.0,31.0
germany,2020-03-27,50871.0,6933.0,351.0,84.0,6658.0,43862.0,1581.0,607.0,4.0
greece,2020-03-27,966.0,74.0,28.0,1.0,52.0,886.0,66.0,93.0,3.0
india,2020-03-27,887.0,160.0,20.0,0.0,73.0,794.0,0.0,0.6,0.01
indonesia,2020-03-27,1046.0,153.0,87.0,9.0,46.0,913.0,0.0,4.0,0.3
iran,2020-03-27,32332.0,2926.0,2378.0,144.0,11133.0,18821.0,2893.0,385.0,28.0
iraq,2020-03-27,458.0,76.0,40.0,4.0,122.0,296.0,0.0,11.0,1.0
ireland,2020-03-27,2121.0,302.0,22.0,3.0,5.0,2094.0,59.0,430.0,4.0
israel,2020-03-27,3035.0,342.0,12.0,4.0,79.0,2944.0,49.0,351.0,1.0
italy,2020-03-27,86498.0,5909.0,9134.0,919.0,10950.0,66414.0,3732.0,1431.0,151.0
malaysia,2020-03-27,2161.0,130.0,26.0,3.0,259.0,1876.0,54.0,67.0,0.8
netherlands,2020-03-27,8603.0,1172.0,546.0,112.0,3.0,8054.0,761.0,502.0,32.0
norway,2020-03-27,3771.0,399.0,19.0,5.0,7.0,3745.0,70.0,696.0,4.0
philippines,2020-03-27,803.0,96.0,54.0,9.0,31.0,718.0,1.0,7.0,0.5
poland,2020-03-27,1389.0,168.0,16.0,0.0,7.0,1366.0,3.0,37.0,0.4
portugal,2020-03-27,4268.0,724.0,76.0,16.0,43.0,4149.0,71.0,419.0,7.0
south-korea,2020-03-27,9332.0,91.0,139.0,8.0,4528.0,4665.0,59.0,182.0,3.0
spain,2020-03-27,65719.0,7933.0,5138.0,773.0,9357.0,51224.0,4165.0,1406.0,110.0
sweden,2020-03-27,3069.0,229.0,105.0,28.0,16.0,2948.0,214.0,304.0,10.0
switzerland,2020-03-27,12928.0,1117.0,231.0,39.0,1530.0,11167.0,203.0,1494.0,27.0
turkey,2020-03-27,5698.0,2069.0,92.0,17.0,42.0,5564.0,241.0,68.0,1.0
uk,2020-03-27,14543.0,2885.0,759.0,181.0,135.0,13649.0,163.0,214.0,11.0
us,2020-03-27,104126.0,18691.0,1696.0,401.0,2522.0,99908.0,2463.0,315.0,5.0
Afghanistan,2020-03-28,110.0,0.0,4.0,0.0,2.0,104.0,0.0,3.0,0.1
Albania,2020-03-28,197.0,11.0,10.0,2.0,31.0,156.0,3.0,68.0,3.0
Andorra,2020-03-28,308.0,41.0,3.0,0.0,1.0,304.0,10.0,3986.0,39.0
Angola,2020-03-28,5.0,1.0,0.0,0.0,0.0,5.0,0.0,0.2,0.0
Anguilla,2020-03-28,2.0,0.0,0.0,0.0,0.0,2.0,0.0,133.0,0.0
Antigua and Barbuda,2020-03-28,7.0,0.0,0.0,0.0,0.0,7.0,0.0,71.0,0.0
Argentina,2020-03-28,745.0,156.0,19.0,6.0,72.0,654.0,0.0,16.0,0.4
Armenia,2020-03-28,407.0,78.0,1.0,0.0,30.0,376.0,6.0,137.0,0.3
Aruba,2020-03-28,46.0,13.0,0.0,0.0,1.0,45.0,0.0,431.0,0.0
Azerbaijan,2020-03-28,182.0,17.0,4.0,1.0,15.0,163.0,23.0,18.0,0.4
Bahamas,2020-03-28,10.0,0.0,0.0,0.0,1.0,9.0,0.0,25.0,0.0
Bahrain,2020-03-28,476.0,10.0,4.0,0.0,265.0,207.0,1.0,280.0,2.0
Bangladesh,2020-03-28,48.0,0.0,5.0,0.0,15.0,28.0,1.0,0.3,0.03
Barbados,2020-03-28,26.0,0.0,0.0,0.0,0.0,26.0,0.0,90.0,0.0
Belarus,2020-03-28,94.0,0.0,0.0,0.0,32.0,62.0,2.0,10.0,0.0
Belize,2020-03-28,2.0,0.0,0.0,0.0,0.0,2.0,0.0,5.0,0.0
Benin,2020-03-28,6.0,0.0,0.0,0.0,0.0,6.0,0.0,0.5,0.0
Bermuda,2020-03-28,17.0,0.0,0.0,0.0,2.0,15.0,0.0,273.0,0.0
Bhutan,2020-03-28,3.0,0.0,0.0,0.0,0.0,3.0,0.0,4.0,0.0
Bolivia,2020-03-28,74.0,13.0,0.0,0.0,0.0,74.0,0.0,6.0,0.0
Bosnia and Herzegovina,2020-03-28,278.0,41.0,6.0,2.0,8.0,264.0,1.0,85.0,2.0
British Virgin Islands,2020-03-28,2.0,0.0,0.0,0.0,0.0,2.0,0.0,66.0,0.0
Brunei,2020-03-28,120.0,5.0,1.0,1.0,25.0,94.0,1.0,274.0,2.0
Bulgaria,2020-03-28,331.0,38.0,7.0,4.0,11.0,313.0,8.0,48.0,1.0
Burkina Faso,2020-03-28,207.0,27.0,11.0,2.0,21.0,175.0,0.0,10.0,0.5
CAR,2020-03-28,3.0,0.0,0.0,0.0,0.0,3.0,0.0,0.6,0.0
Cabo Verde,2020-03-28,6.0,1.0,1.0,0.0,0.0,5.0,0.0,11.0,2.0
Cambodia,2020-03-28,99.0,0.0,0.0,0.0,13.0,86.0,1.0,6.0,0.0
Cameroon,2020-03-28,91.0,0.0,2.0,0.0,2.0,87.0,0.0,3.0,0.08
Cayman Islands,2020-03-28,8.0,0.0,1.0,0.0,0.0,7.0,0.0,122.0,15.0
Chad,2020-03-28,3.0,0.0,0.0,0.0,0.0,3.0,0.0,0.2,0.0
Channel Islands,2020-03-28,97.0,9.0,1.0,0.0,0.0,96.0,0.0,558.0,6.0
Chile,2020-03-28,1909.0,299.0,6.0,1.0,61.0,1842.0,7.0,100.0,0.3
Colombia,2020-03-28,608.0,69.0,6.0,0.0,10.0,592.0,0.0,12.0,0.1
Congo,2020-03-28,4.0,0.0,0.0,0.0,0.0,4.0,0.0,0.7,0.0
Costa Rica,2020-03-28,295.0,32.0,2.0,0.0,3.0,290.0,6.0,58.0,0.4
Croatia,2020-03-28,657.0,71.0,5.0,2.0,45.0,607.0,14.0,160.0,1.0
Cuba,2020-03-28,119.0,39.0,3.0,1.0,4.0,112.0,2.0,11.0,0.3
Curaçao,2020-03-28,8.0,0.0,1.0,0.0,2.0,5.0,0.0,49.0,6.0
Cyprus,2020-03-28,179.0,17.0,5.0,0.0,15.0,159.0,3.0,148.0,4.0
Czechia,2020-03-28,2631.0,352.0,11.0,2.0,11.0,2609.0,45.0,246.0,1.0
DRC,2020-03-28,65.0,14.0,6.0,3.0,2.0,57.0,0.0,0.7,0.07
Diamond Princess,2020-03-28,712.0,0.0,10.0,0.0,597.0,105.0,15.0,0.0,0.0
Djibouti,2020-03-28,14.0,2.0,0.0,0.0,0.0,14.0,0.0,14.0,0.0
Dominica,2020-03-28,11.0,0.0,0.0,0.0,0.0,11.0,0.0,153.0,0.0
Dominican Republic,2020-03-28,719.0,138.0,28.0,8.0,3.0,688.0,0.0,66.0,3.0
Ecuador,2020-03-28,1823.0,196.0,48.0,7.0,3.0,1772.0,58.0,103.0,3.0
Egypt,2020-03-28,576.0,40.0,36.0,6.0,121.0,419.0,0.0,6.0,0.4
El Salvador,2020-03-28,19.0,6.0,0.0,0.0,0.0,19.0,0.0,3.0,0.0
Equatorial Guinea,2020-03-28,12.0,0.0,0.0,0.0,0.0,12.0,0.0,9.0,0.0
Eritrea,2020-03-28,6.0,0.0,0.0,0.0,0.0,6.0,0.0,2.0,0.0
Estonia,2020-03-28,645.0,70.0,1.0,0.0,20.0,624.0,10.0,486.0,0.8
Eswatini,2020-03-28,9.0,0.0,0.0,0.0,0.0,9.0,0.0,8.0,0.0
Ethiopia,2020-03-28,16.0,0.0,0.0,0.0,1.0,15.0,0.0,0.1,0.0
Faeroe Islands,2020-03-28,155.0,11.0,0.0,0.0,54.0,101.0,2.0,3172.0,0.0
Fiji,2020-03-28,5.0,0.0,0.0,0.0,0.0,5.0,0.0,6.0,0.0
Finland,2020-03-28,1167.0,126.0,9.0,2.0,10.0,1148.0,32.0,211.0,2.0
French Guiana,2020-03-28,28.0,0.0,0.0,0.0,6.0,22.0,0.0,94.0,0.0
French Polynesia,2020-03-28,30.0,0.0,0.0,0.0,0.0,30.0,0.0,107.0,0.0
Gabon,2020-03-28,7.0,0.0,1.0,0.0,0.0,6.0,0.0,3.0,0.4
Gambia,2020-03-28,3.0,0.0,1.0,0.0,0.0,2.0,0.0,1.0,0.4
Georgia,2020-03-28,90.0,7.0,0.0,0.0,14.0,76.0,1.0,23.0,0.0
Ghana,2020-03-28,141.0,4.0,5.0,1.0,2.0,134.0,1.0,5.0,0.2
Gibraltar,2020-03-28,56.0,1.0,0.0,0.0,14.0,42.0,0.0,1662.0,0.0
Greenland,2020-03-28,10.0,0.0,0.0,0.0,2.0,8.0,0.0,176.0,0.0
Grenada,2020-03-28,7.0,0.0,0.0,0.0,0.0,7.0,0.0,62.0,0.0
Guadeloupe,2020-03-28,102.0,29.0,2.0,1.0,17.0,83.0,4.0,255.0,5.0
Guatemala,2020-03-28,34.0,6.0,1.0,0.0,10.0,23.0,1.0,2.0,0.06
Guinea,2020-03-28,8.0,0.0,0.0,0.0,0.0,8.0,0.0,0.6,0.0
Guinea-Bissau,2020-03-28,2.0,0.0,0.0,0.0,0.0,2.0,0.0,1.0,0.0
Guyana,2020-03-28,8.0,3.0,1.0,0.0,0.0,7.0,0.0,10.0,1.0
Haiti,2020-03-28,8.0,0.0,0.0,0.0,0.0,8.0,0.0,0.7,0.0
Honduras,2020-03-28,95.0,27.0,1.0,0.0,3.0,91.0,4.0,10.0,0.1
Hungary,2020-03-28,343.0,43.0,11.0,1.0,34.0,298.0,6.0,36.0,1.0
Iceland,2020-03-28,963.0,73.0,2.0,0.0,114.0,847.0,18.0,2822.0,6.0
Isle of Man,2020-03-28,32.0,3.0,0.0,0.0,0.0,32.0,0.0,376.0,0.0
Ivory Coast,2020-03-28,101.0,0.0,0.0,0.0,3.0,98.0,0.0,4.0,0.0
Jamaica,2020-03-28,30.0,4.0,1.0,0.0,2.0,27.0,0.0,10.0,0.3
Japan,2020-03-28,1693.0,194.0,52.0,3.0,404.0,1237.0,56.0,13.0,0.4
Jordan,2020-03-28,246.0,11.0,1.0,0.0,18.0,227.0,3.0,24.0,0.1
Kazakhstan,2020-03-28,228.0,78.0,1.0,0.0,16.0,211.0,0.0,12.0,0.05
Kenya,2020-03-28,38.0,7.0,1.0,0.0,1.0,36.0,2.0,0.7,0.02
Kuwait,2020-03-28,235.0,10.0,0.0,0.0,64.0,171.0,11.0,55.0,0.0
Kyrgyzstan,2020-03-28,58.0,0.0,0.0,0.0,0.0,58.0,0.0,9.0,0.0
Laos,2020-03-28,8.0,2.0,0.0,0.0,0.0,8.0,0.0,1.0,0.0
Latvia,2020-03-28,305.0,25.0,0.0,0.0,1.0,304.0,3.0,162.0,0.0
Lebanon,2020-03-28,412.0,21.0,8.0,0.0,30.0,374.0,4.0,60.0,1.0
Liberia,2020-03-28,3.0,0.0,0.0,0.0,0.0,3.0,0.0,0.6,0.0
Libya,2020-03-28,3.0,2.0,0.0,0.0,0.0,3.0,0.0,0.4,0.0
Liechtenstein,2020-03-28,56.0,0.0,0.0,0.0,0.0,56.0,0.0,1469.0,0.0
Lithuania,2020-03-28,394.0,36.0,7.0,2.0,1.0,386.0,2.0,145.0,3.0
Luxembourg,2020-03-28,1831.0,226.0,18.0,3.0,40.0,1773.0,25.0,2925.0,29.0
MS Zaandam,2020-03-28,2.0,0.0,0.0,0.0,0.0,2.0,0.0,0.0,0.0
Macao,2020-03-28,34.0,0.0,0.0,0.0,10.0,24.0,0.0,52.0,0.0
Madagascar,2020-03-28,26.0,0.0,0.0,0.0,0.0,26.0,0.0,0.9,0.0
Maldives,2020-03-28,16.0,0.0,0.0,0.0,9.0,7.0,0.0,30.0,0.0
Mali,2020-03-28,18.0,7.0,1.0,1.0,0.0,17.0,0.0,0.9,0.05
Malta,2020-03-28,149.0,10.0,0.0,0.0,2.0,147.0,1.0,337.0,0.0
Martinique,2020-03-28,93.0,0.0,1.0,0.0,0.0,92.0,12.0,248.0,3.0
Mauritania,2020-03-28,5.0,2.0,0.0,0.0,0.0,5.0,0.0,1.0,0.0
Mauritius,2020-03-28,102.0,8.0,2.0,0.0,0.0,100.0,1.0,80.0,2.0
Mayotte,2020-03-28,63.0,13.0,0.0,0.0,0.0,63.0,0.0,231.0,0.0
Mexico,2020-03-28,717.0,132.0,12.0,4.0,4.0,701.0,1.0,6.0,0.09
Moldova,2020-03-28,231.0,32.0,2.0,0.0,2.0,227.0,33.0,57.0,0.5
Monaco,2020-03-28,43.0,1.0,1.0,1.0,1.0,41.0,0.0,1096.0,25.0
Mongolia,2020-03-28,12.0,1.0,0.0,0.0,0.0,12.0,0.0,4.0,0.0
Montenegro,2020-03-28,84.0,2.0,1.0,0.0,0.0,83.0,1.0,134.0,2.0
Montserrat,2020-03-28,5.0,0.0,0.0,0.0,0.0,5.0,0.0,1002.0,0.0
Morocco,2020-03-28,402.0,57.0,25.0,2.0,12.0,365.0,1.0,11.0,0.7
Mozambique,2020-03-28,8.0,1.0,0.0,0.0,0.0,8.0,0.0,0.3,0.0
Myanmar,2020-03-28,8.0,0.0,0.0,0.0,0.0,8.0,0.0,0.1,0.0
Namibia,2020-03-28,8.0,0.0,0.0,0.0,2.0,6.0,0.0,3.0,0.0
Nepal,2020-03-28,5.0,1.0,0.0,0.0,1.0,4.0,0.0,0.2,0.0
New Caledonia,2020-03-28,15.0,0.0,0.0,0.0,0.0,15.0,0.0,53.0,0.0
New Zealand,2020-03-28,514.0,146.0,1.0,1.0,56.0,457.0,1.0,107.0,0.2
Nicaragua,2020-03-28,4.0,0.0,1.0,0.0,0.0,3.0,0.0,0.6,0.2
Niger,2020-03-28,10.0,0.0,1.0,0.0,0.0,9.0,0.0,0.4,0.04
Nigeria,2020-03-28,97.0,27.0,1.0,0.0,3.0,93.0,0.0,0.5,0.0
North Macedonia,2020-03-28,241.0,22.0,4.0,1.0,3.0,234.0,1.0,116.0,2.0
Oman,2020-03-28,152.0,21.0,0.0,0.0,23.0,129.0,0.0,30.0,0.0
Pakistan,2020-03-28,1495.0,122.0,12.0,1.0,29.0,1454.0,7.0,7.0,0.05
Palestine,2020-03-28,104.0,13.0,1.0,0.0,18.0,85.0,0.0,20.0,0.2
Panama,2020-03-28,901.0,115.0,17.0,3.0,4.0,880.0,32.0,209.0,4.0
Papua New Guinea,2020-03-28,1.0,0.0,0.0,0.0,0.0,1.0,0.0,0.1,0.0
Paraguay,2020-03-28,56.0,4.0,3.0,0.0,1.0,52.0,1.0,8.0,0.4
Peru,2020-03-28,671.0,36.0,16.0,5.0,16.0,639.0,33.0,20.0,0.5
Qatar,2020-03-28,590.0,28.0,1.0,1.0,45.0,544.0,6.0,205.0,0.3
Romania,2020-03-28,1452.0,160.0,37.0,11.0,139.0,1276.0,34.0,75.0,2.0
Russia,2020-03-28,1264.0,228.0,4.0,0.0,49.0,1211.0,8.0,9.0,0.03
Rwanda,2020-03-28,60.0,6.0,0.0,0.0,0.0,60.0,0.0,5.0,0.0
Réunion,2020-03-28,183.0,38.0,0.0,0.0,1.0,182.0,0.0,204.0,0.0
Saint Kitts and Nevis,2020-03-28,2.0,0.0,0.0,0.0,0.0,2.0,0.0,38.0,0.0
Saint Lucia,2020-03-28,3.0,0.0,0.0,0.0,1.0,2.0,0.0,16.0,0.0
Saint Martin,2020-03-28,11.0,0.0,0.0,0.0,0.0,11.0,0.0,284.0,0.0
San Marino,2020-03-28,224.0,1.0,22.0,1.0,6.0,196.0,16.0,6602.0,648.0
Saudi Arabia,2020-03-28,1203.0,99.0,4.0,1.0,37.0,1162.0,6.0,35.0,0.1
Senegal,2020-03-28,130.0,11.0,0.0,0.0,18.0,112.0,0.0,8.0,0.0
Serbia,2020-03-28,659.0,131.0,10.0,2.0,42.0,607.0,25.0,75.0,1.0
Seychelles,2020-03-28,8.0,1.0,0.0,0.0,0.0,8.0,0.0,81.0,0.0
Singapore,2020-03-28,802.0,70.0,2.0,0.0,198.0,602.0,19.0,137.0,0.3
Sint Maarten,2020-03-28,3.0,0.0,0.0,0.0,0.0,3.0,0.0,70.0,0.0
Slovakia,2020-03-28,292.0,23.0,0.0,0.0,2.0,290.0,1.0,53.0,0.0
Slovenia,2020-03-28,684.0,52.0,9.0,0.0,10.0,665.0,25.0,329.0,4.0
Somalia,2020-03-28,3.0,0.0,0.0,0.0,0.0,3.0,0.0,0.2,0.0
South Africa,2020-03-28,1187.0,17.0,1.0,0.0,31.0,1155.0,7.0,20.0,0.02
Sri Lanka,2020-03-28,113.0,7.0,1.0,1.0,9.0,103.0,5.0,5.0,0.05
St. Barth,2020-03-28,5.0,0.0,0.0,0.0,0.0,5.0,0.0,506.0,0.0
St. Vincent Grenadines,2020-03-28,1.0,0.0,0.0,0.0,1.0,0.0,0.0,9.0,0.0
Sudan,2020-03-28,5.0,2.0,1.0,0.0,0.0,4.0,0.0,0.1,0.02
Suriname,2020-03-28,8.0,0.0,0.0,0.0,0.0,8.0,0.0,14.0,0.0
Syria,2020-03-28,5.0,0.0,0.0,0.0,0.0,5.0,0.0,0.3,0.0
Taiwan,2020-03-28,283.0,16.0,2.0,0.0,30.0,251.0,0.0,12.0,0.08
Tanzania,2020-03-28,14.0,1.0,0.0,0.0,1.0,13.0,0.0,0.2,0.0
Thailand,2020-03-28,1245.0,109.0,6.0,1.0,97.0,1142.0,11.0,18.0,0.09
Timor-Leste,2020-03-28,1.0,0.0,0.0,0.0,0.0,1.0,0.0,0.8,0.0
Togo,2020-03-28,25.0,0.0,1.0,0.0,1.0,23.0,0.0,3.0,0.1
Trinidad and Tobago,2020-03-28,76.0,10.0,3.0,1.0,1.0,72.0,0.0,54.0,2.0
Tunisia,2020-03-28,278.0,51.0,8.0,1.0,2.0,268.0,10.0,24.0,0.7
Turks and Caicos,2020-03-28,4.0,2.0,0.0,0.0,0.0,4.0,0.0,103.0,0.0
UAE,2020-03-28,468.0,63.0,2.0,0.0,52.0,414.0,2.0,47.0,0.2
Uganda,2020-03-28,30.0,7.0,0.0,0.0,0.0,30.0,0.0,0.7,0.0
Ukraine,2020-03-28,356.0,46.0,9.0,4.0,5.0,342.0,0.0,8.0,0.2
Uruguay,2020-03-28,304.0,66.0,1.0,1.0,0.0,303.0,9.0,88.0,0.3
Uzbekistan,2020-03-28,104.0,16.0,2.0,1.0,5.0,97.0,8.0,3.0,0.06
Vatican City,2020-03-28,6.0,2.0,0.0,0.0,0.0,6.0,0.0,7491.0,0.0
Venezuela,2020-03-28,119.0,6.0,2.0,0.0,39.0,78.0,2.0,4.0,0.07
Vietnam,2020-03-28,174.0,11.0,0.0,0.0,21.0,153.0,3.0,2.0,0.0
Zambia,2020-03-28,28.0,6.0,0.0,0.0,0.0,28.0,0.0,2.0,0.0
Zimbabwe,2020-03-28,7.0,2.0,1.0,0.0,0.0,6.0,0.0,0.5,0.07
algeria,2020-03-28,454.0,45.0,29.0,3.0,31.0,394.0,0.0,10.0,0.7
australia,2020-03-28,3635.0,257.0,14.0,1.0,170.0,3451.0,23.0,143.0,0.5
austria,2020-03-28,8271.0,574.0,68.0,10.0,225.0,7978.0,135.0,918.0,8.0
belgium,2020-03-28,9134.0,1850.0,353.0,64.0,1063.0,7718.0,789.0,788.0,30.0
brazil,2020-03-28,3904.0,487.0,114.0,22.0,6.0,3784.0,296.0,18.0,0.5
canada,2020-03-28,5655.0,898.0,60.0,5.0,396.0,5199.0,120.0,150.0,2.0
china,2020-03-28,81394.0,54.0,3295.0,3.0,74971.0,3128.0,886.0,57.0,2.0
china-hong-kong-sar,2020-03-28,560.0,41.0,4.0,0.0,112.0,444.0,5.0,75.0,0.5
denmark,2020-03-28,2201.0,155.0,65.0,13.0,1.0,2135.0,109.0,380.0,11.0
france,2020-03-28,37575.0,4611.0,2314.0,319.0,5700.0,29561.0,4273.0,576.0,35.0
germany,2020-03-28,57695.0,6824.0,433.0,82.0,8481.0,48781.0,1581.0,689.0,5.0
greece,2020-03-28,1061.0,95.0,32.0,4.0,52.0,977.0,66.0,102.0,3.0
india,2020-03-28,987.0,100.0,24.0,4.0,84.0,879.0,0.0,0.7,0.02
indonesia,2020-03-28,1155.0,109.0,102.0,15.0,59.0,994.0,0.0,4.0,0.4
iran,2020-03-28,35408.0,3076.0,2517.0,139.0,11679.0,21212.0,3206.0,422.0,30.0
iraq,2020-03-28,506.0,48.0,42.0,2.0,131.0,333.0,0.0,13.0,1.0
ireland,2020-03-28,2415.0,294.0,36.0,14.0,5.0,2374.0,59.0,489.0,7.0
israel,2020-03-28,3619.0,584.0,12.0,0.0,89.0,3518.0,50.0,418.0,1.0
italy,2020-03-28,92472.0,5974.0,10023.0,889.0,12384.0,70065.0,3856.0,1529.0,166.0
malaysia,2020-03-28,2320.0,159.0,27.0,1.0,320.0,1973.0,54.0,72.0,0.8
netherlands,2020-03-28,9762.0,1159.0,639.0,93.0,3.0,9120.0,914.0,570.0,37.0
norway,2020-03-28,4015.0,244.0,23.0,4.0,7.0,3985.0,84.0,741.0,4.0
philippines,2020-03-28,1075.0,272.0,68.0,14.0,35.0,972.0,1.0,10.0,0.6
poland,2020-03-28,1638.0,249.0,18.0,2.0,7.0,1613.0,3.0,43.0,0.5
portugal,2020-03-28,5170.0,902.0,100.0,24.0,43.0,5027.0,89.0,507.0,10.0
south-korea,2020-03-28,9478.0,146.0,144.0,5.0,4811.0,4523.0,59.0,185.0,3.0
spain,2020-03-28,73235.0,7516.0,5982.0,844.0,12285.0,54968.0,4165.0,1566.0,128.0
sweden,2020-03-28,3447.0,378.0,105.0,0.0,16.0,3326.0,239.0,341.0,10.0
switzerland,2020-03-28,14076.0,1148.0,264.0,33.0,1530.0,12282.0,301.0,1626.0,31.0
turkey,2020-03-28,7402.0,1704.0,108.0,16.0,70.0,7224.0,445.0,88.0,1.0
uk,2020-03-28,17089.0,2546.0,1019.0,260.0,135.0,15935.0,163.0,252.0,15.0
us,2020-03-28,123578.0,19452.0,2221.0,525.0,3231.0,118126.0,2666.0,373.0,7.0
Afghanistan,2020-03-29,120.0,10.0,4.0,0.0,2.0,114.0,0.0,3.0,0.1
Albania,2020-03-29,212.0,15.0,10.0,0.0,33.0,169.0,3.0,74.0,3.0
Andorra,2020-03-29,334.0,26.0,6.0,3.0,1.0,327.0,10.0,4323.0,78.0
Angola,2020-03-29,7.0,2.0,2.0,2.0,0.0,5.0,0.0,0.2,0.06
Anguilla,2020-03-29,2.0,0.0,0.0,0.0,0.0,2.0,0.0,133.0,0.0
Antigua and Barbuda,2020-03-29,7.0,0.0,0.0,0.0,0.0,7.0,0.0,71.0,0.0
Argentina,2020-03-29,820.0,75.0,20.0,1.0,91.0,709.0,0.0,18.0,0.4
Armenia,2020-03-29,424.0,17.0,3.0,2.0,30.0,391.0,6.0,143.0,1.0
Aruba,2020-03-29,50.0,4.0,0.0,0.0,1.0,49.0,0.0,468.0,0.0
Azerbaijan,2020-03-29,209.0,27.0,4.0,0.0,15.0,190.0,23.0,21.0,0.4
Bahamas,2020-03-29,14.0,4.0,0.0,0.0,1.0,13.0,0.0,36.0,0.0
Bahrain,2020-03-29,499.0,23.0,4.0,0.0,272.0,223.0,1.0,293.0,2.0
Bangladesh,2020-03-29,48.0,0.0,5.0,0.0,15.0,28.0,1.0,0.3,0.03
Barbados,2020-03-29,33.0,7.0,0.0,0.0,0.0,33.0,0.0,115.0,0.0
Belarus,2020-03-29,94.0,0.0,0.0,0.0,32.0,62.0,2.0,10.0,0.0
Belize,2020-03-29,2.0,0.0,0.0,0.0,0.0,2.0,0.0,5.0,0.0
Benin,2020-03-29,6.0,0.0,0.0,0.0,0.0,6.0,0.0,0.5,0.0
Bermuda,2020-03-29,22.0,5.0,0.0,0.0,2.0,20.0,0.0,353.0,0.0
Bhutan,2020-03-29,4.0,1.0,0.0,0.0,0.0,4.0,0.0,5.0,0.0
Bolivia,2020-03-29,81.0,7.0,1.0,1.0,0.0,80.0,3.0,7.0,0.09
Bosnia and Herzegovina,2020-03-29,323.0,45.0,6.0,0.0,8.0,309.0,1.0,98.0,2.0
British Virgin Islands,2020-03-29,2.0,0.0,0.0,0.0,0.0,2.0,0.0,66.0,0.0
Brunei,2020-03-29,126.0,6.0,1.0,0.0,34.0,91.0,1.0,288.0,2.0
Bulgaria,2020-03-29,346.0,15.0,8.0,1.0,14.0,324.0,8.0,50.0,1.0
Burkina Faso,2020-03-29,222.0,15.0,12.0,1.0,23.0,187.0,0.0,11.0,0.6
CAR,2020-03-29,3.0,0.0,0.0,0.0,0.0,3.0,0.0,0.6,0.0
Cabo Verde,2020-03-29,6.0,0.0,1.0,0.0,0.0,5.0,0.0,11.0,2.0
Cambodia,2020-03-29,103.0,4.0,0.0,0.0,21.0,82.0,1.0,6.0,0.0
Cameroon,2020-03-29,139.0,48.0,6.0,4.0,5.0,128.0,0.0,5.0,0.2
Cayman Islands,2020-03-29,12.0,4.0,1.0,0.0,0.0,11.0,0.0,183.0,15.0
Chad,2020-03-29,3.0,0.0,0.0,0.0,0.0,3.0,0.0,0.2,0.0
Channel Islands,2020-03-29,108.0,11.0,2.0,1.0,0.0,106.0,0.0,621.0,12.0
Chile,2020-03-29,2139.0,230.0,7.0,1.0,75.0,2057.0,7.0,112.0,0.4
Colombia,2020-03-29,702.0,94.0,10.0,4.0,10.0,682.0,29.0,14.0,0.2
Congo,2020-03-29,19.0,15.0,0.0,0.0,0.0,19.0,0.0,3.0,0.0
Costa Rica,2020-03-29,314.0,19.0,2.0,0.0,3.0,309.0,6.0,62.0,0.4
Croatia,2020-03-29,713.0,56.0,6.0,1.0,55.0,652.0,26.0,174.0,1.0
Cuba,2020-03-29,139.0,20.0,3.0,0.0,4.0,132.0,2.0,12.0,0.3
Curaçao,2020-03-29,8.0,0.0,1.0,0.0,2.0,5.0,0.0,49.0,6.0
Cyprus,2020-03-29,214.0,35.0,6.0,1.0,15.0,193.0,3.0,177.0,5.0
Czechia,2020-03-29,2817.0,186.0,16.0,5.0,11.0,2790.0,45.0,263.0,1.0
DRC,2020-03-29,81.0,16.0,8.0,2.0,2.0,71.0,0.0,0.9,0.09
Diamond Princess,2020-03-29,712.0,0.0,10.0,0.0,603.0,99.0,15.0,0.0,0.0
Djibouti,2020-03-29,18.0,4.0,0.0,0.0,0.0,18.0,0.0,18.0,0.0
Dominica,2020-03-29,11.0,0.0,0.0,0.0,0.0,11.0,0.0,153.0,0.0
Dominican Republic,2020-03-29,859.0,140.0,39.0,11.0,3.0,817.0,0.0,79.0,4.0
Ecuador,2020-03-29,1924.0,101.0,58.0,10.0,3.0,1863.0,58.0,109.0,3.0
Egypt,2020-03-29,609.0,33.0,40.0,4.0,132.0,437.0,0.0,6.0,0.4
El Salvador,2020-03-29,24.0,5.0,0.0,0.0,0.0,24.0,0.0,4.0,0.0
Equatorial Guinea,2020-03-29,12.0,0.0,0.0,0.0,0.0,12.0,0.0,9.0,0.0
Eritrea,2020-03-29,12.0,6.0,0.0,0.0,0.0,12.0,0.0,3.0,0.0
Estonia,2020-03-29,679.0,34.0,3.0,2.0,20.0,656.0,10.0,512.0,2.0
Eswatini,2020-03-29,9.0,0.0,0.0,0.0,0.0,9.0,0.0,8.0,0.0
Ethiopia,2020-03-29,21.0,5.0,0.0,0.0,1.0,20.0,0.0,0.2,0.0
Faeroe Islands,2020-03-29,159.0,4.0,0.0,0.0,70.0,89.0,1.0,3254.0,0.0
Fiji,2020-03-29,5.0,0.0,0.0,0.0,0.0,5.0,0.0,6.0,0.0
Finland,2020-03-29,1240.0,73.0,11.0,2.0,10.0,1219.0,32.0,224.0,2.0
French Guiana,2020-03-29,43.0,15.0,0.0,0.0,6.0,37.0,0.0,144.0,0.0
French Polynesia,2020-03-29,30.0,0.0,0.0,0.0,0.0,30.0,0.0,107.0,0.0
Gabon,2020-03-29,7.0,0.0,1.0,0.0,0.0,6.0,0.0,3.0,0.4
Gambia,2020-03-29,4.0,1.0,1.0,0.0,0.0,3.0,0.0,2.0,0.4
Georgia,2020-03-29,91.0,1.0,0.0,0.0,18.0,73.0,1.0,23.0,0.0
Ghana,2020-03-29,152.0,11.0,5.0,0.0,2.0,145.0,1.0,5.0,0.2
Gibraltar,2020-03-29,65.0,9.0,0.0,0.0,14.0,51.0,0.0,1929.0,0.0
Greenland,2020-03-29,10.0,0.0,0.0,0.0,2.0,8.0,0.0,176.0,0.0
Grenada,2020-03-29,9.0,2.0,0.0,0.0,0.0,9.0,0.0,80.0,0.0
Guadeloupe,2020-03-29,106.0,4.0,4.0,2.0,17.0,85.0,10.0,265.0,10.0
Guatemala,2020-03-29,34.0,0.0,1.0,0.0,10.0,23.0,1.0,2.0,0.06
Guinea,2020-03-29,16.0,8.0,0.0,0.0,0.0,16.0,0.0,1.0,0.0
Guinea-Bissau,2020-03-29,2.0,0.0,0.0,0.0,0.0,2.0,0.0,1.0,0.0
Guyana,2020-03-29,8.0,0.0,1.0,0.0,0.0,7.0,0.0,10.0,1.0
Haiti,2020-03-29,15.0,7.0,0.0,0.0,1.0,14.0,0.0,1.0,0.0
Honduras,2020-03-29,110.0,15.0,3.0,2.0,3.0,104.0,4.0,11.0,0.3
Hungary,2020-03-29,408.0,65.0,13.0,2.0,34.0,361.0,6.0,42.0,1.0
Iceland,2020-03-29,1020.0,57.0,2.0,0.0,135.0,883.0,25.0,2989.0,6.0
Isle of Man,2020-03-29,42.0,10.0,0.0,0.0,0.0,42.0,0.0,494.0,0.0
Ivory Coast,2020-03-29,165.0,64.0,1.0,1.0,4.0,160.0,0.0,6.0,0.04
Jamaica,2020-03-29,32.0,2.0,1.0,0.0,2.0,29.0,0.0,11.0,0.3
Japan,2020-03-29,1866.0,173.0,54.0,2.0,424.0,1388.0,56.0,15.0,0.4
Jordan,2020-03-29,259.0,13.0,3.0,2.0,18.0,238.0,3.0,25.0,0.3
Kazakhstan,2020-03-29,284.0,56.0,1.0,0.0,20.0,263.0,0.0,15.0,0.05
Kenya,2020-03-29,42.0,4.0,1.0,0.0,1.0,40.0,2.0,0.8,0.02
Kuwait,2020-03-29,255.0,20.0,0.0,0.0,67.0,188.0,12.0,60.0,0.0
Kyrgyzstan,2020-03-29,84.0,26.0,0.0,0.0,0.0,84.0,0.0,13.0,0.0
Laos,2020-03-29,8.0,0.0,0.0,0.0,0.0,8.0,0.0,1.0,0.0
Latvia,2020-03-29,347.0,42.0,0.0,0.0,1.0,346.0,3.0,184.0,0.0
Lebanon,2020-03-29,438.0,26.0,10.0,2.0,30.0,398.0,4.0,64.0,1.0
Liberia,2020-03-29,3.0,0.0,0.0,0.0,0.0,3.0,0.0,0.6,0.0
Libya,2020-03-29,8.0,5.0,0.0,0.0,0.0,8.0,0.0,1.0,0.0
Liechtenstein,2020-03-29,56.0,0.0,0.0,0.0,0.0,56.0,0.0,1469.0,0.0
Lithuania,2020-03-29,460.0,66.0,7.0,0.0,1.0,452.0,2.0,169.0,3.0
Luxembourg,2020-03-29,1950.0,119.0,21.0,3.0,40.0,1889.0,25.0,3115.0,34.0
MS Zaandam,2020-03-29,2.0,0.0,0.0,0.0,0.0,2.0,0.0,0.0,0.0
Macao,2020-03-29,37.0,3.0,0.0,0.0,10.0,27.0,0.0,57.0,0.0
Madagascar,2020-03-29,39.0,13.0,0.0,0.0,0.0,39.0,0.0,1.0,0.0
Maldives,2020-03-29,17.0,1.0,0.0,0.0,13.0,4.0,0.0,31.0,0.0
Mali,2020-03-29,18.0,0.0,1.0,0.0,0.0,17.0,0.0,0.9,0.05
Malta,2020-03-29,151.0,2.0,0.0,0.0,2.0,149.0,4.0,342.0,0.0
Martinique,2020-03-29,93.0,0.0,1.0,0.0,0.0,92.0,12.0,248.0,3.0
Mauritania,2020-03-29,5.0,0.0,0.0,0.0,2.0,3.0,0.0,1.0,0.0
Mauritius,2020-03-29,107.0,5.0,3.0,1.0,0.0,104.0,1.0,84.0,2.0
Mayotte,2020-03-29,63.0,0.0,0.0,0.0,0.0,63.0,0.0,231.0,0.0
Mexico,2020-03-29,848.0,131.0,16.0,4.0,35.0,797.0,1.0,7.0,0.1
Moldova,2020-03-29,263.0,32.0,2.0,0.0,2.0,259.0,33.0,65.0,0.5
Monaco,2020-03-29,46.0,3.0,1.0,0.0,1.0,44.0,0.0,1172.0,25.0
Mongolia,2020-03-29,12.0,0.0,0.0,0.0,0.0,12.0,0.0,4.0,0.0
Montenegro,2020-03-29,85.0,1.0,1.0,0.0,0.0,84.0,1.0,135.0,2.0
Montserrat,2020-03-29,5.0,0.0,0.0,0.0,0.0,5.0,0.0,1002.0,0.0
Morocco,2020-03-29,479.0,77.0,26.0,1.0,13.0,440.0,1.0,13.0,0.7
Mozambique,2020-03-29,8.0,0.0,0.0,0.0,0.0,8.0,0.0,0.3,0.0
Myanmar,2020-03-29,10.0,2.0,0.0,0.0,0.0,10.0,0.0,0.2,0.0
Namibia,2020-03-29,11.0,3.0,0.0,0.0,2.0,9.0,0.0,4.0,0.0
Nepal,2020-03-29,5.0,0.0,0.0,0.0,1.0,4.0,0.0,0.2,0.0
New Caledonia,2020-03-29,15.0,0.0,0.0,0.0,0.0,15.0,0.0,53.0,0.0
New Zealand,2020-03-29,514.0,0.0,1.0,0.0,56.0,457.0,1.0,107.0,0.2
Nicaragua,2020-03-29,4.0,0.0,1.0,0.0,0.0,3.0,0.0,0.6,0.2
Niger,2020-03-29,18.0,8.0,1.0,0.0,0.0,17.0,0.0,0.7,0.04
Nigeria,2020-03-29,111.0,14.0,1.0,0.0,3.0,107.0,0.0,0.5,0.0
North Macedonia,2020-03-29,259.0,18.0,6.0,2.0,3.0,250.0,1.0,124.0,3.0
Oman,2020-03-29,167.0,15.0,0.0,0.0,23.0,144.0,3.0,33.0,0.0
Pakistan,2020-03-29,1597.0,102.0,14.0,2.0,29.0,1554.0,11.0,7.0,0.06
Palestine,2020-03-29,109.0,5.0,1.0,0.0,18.0,90.0,0.0,21.0,0.2
Panama,2020-03-29,989.0,88.0,24.0,7.0,4.0,961.0,36.0,229.0,6.0
Papua New Guinea,2020-03-29,1.0,0.0,0.0,0.0,0.0,1.0,0.0,0.1,0.0
Paraguay,2020-03-29,59.0,3.0,3.0,0.0,1.0,55.0,3.0,8.0,0.4
Peru,2020-03-29,852.0,181.0,18.0,2.0,16.0,818.0,40.0,26.0,0.5
Qatar,2020-03-29,634.0,44.0,1.0,0.0,48.0,585.0,6.0,220.0,0.3
Romania,2020-03-29,1815.0,363.0,43.0,6.0,206.0,1566.0,31.0,94.0,2.0
Russia,2020-03-29,1534.0,270.0,8.0,4.0,64.0,1462.0,8.0,11.0,0.05
Rwanda,2020-03-29,70.0,10.0,0.0,0.0,0.0,70.0,0.0,5.0,0.0
Réunion,2020-03-29,183.0,0.0,0.0,0.0,1.0,182.0,0.0,204.0,0.0
Saint Kitts and Nevis,2020-03-29,2.0,0.0,0.0,0.0,0.0,2.0,0.0,38.0,0.0
Saint Lucia,2020-03-29,9.0,6.0,0.0,0.0,1.0,8.0,0.0,49.0,0.0
Saint Martin,2020-03-29,11.0,0.0,0.0,0.0,0.0,11.0,0.0,284.0,0.0
San Marino,2020-03-29,224.0,0.0,22.0,0.0,6.0,196.0,16.0,6602.0,648.0
Saudi Arabia,2020-03-29,1299.0,96.0,8.0,4.0,66.0,1225.0,12.0,37.0,0.2
Senegal,2020-03-29,142.0,12.0,0.0,0.0,27.0,115.0,0.0,8.0,0.0
Serbia,2020-03-29,741.0,82.0,13.0,3.0,42.0,686.0,25.0,85.0,1.0
Seychelles,2020-03-29,8.0,0.0,0.0,0.0,0.0,8.0,0.0,81.0,0.0
Singapore,2020-03-29,844.0,42.0,3.0,1.0,212.0,629.0,19.0,144.0,0.5
Sint Maarten,2020-03-29,6.0,0.0,0.0,0.0,0.0,6.0,0.0,140.0,0.0
Slovakia,2020-03-29,314.0,22.0,0.0,0.0,2.0,312.0,1.0,58.0,0.0
Slovenia,2020-03-29,730.0,46.0,11.0,2.0,10.0,709.0,23.0,351.0,5.0
Somalia,2020-03-29,3.0,0.0,0.0,0.0,0.0,3.0,0.0,0.2,0.0
South Africa,2020-03-29,1280.0,93.0,2.0,1.0,31.0,1247.0,7.0,22.0,0.03
Sri Lanka,2020-03-29,117.0,4.0,1.0,0.0,11.0,105.0,5.0,5.0,0.05
St. Barth,2020-03-29,5.0,0.0,0.0,0.0,0.0,5.0,0.0,506.0,0.0
St. Vincent Grenadines,2020-03-29,1.0,0.0,0.0,0.0,1.0,0.0,0.0,9.0,0.0
Sudan,2020-03-29,6.0,1.0,1.0,0.0,0.0,5.0,0.0,0.1,0.02
Suriname,2020-03-29,8.0,0.0,0.0,0.0,0.0,8.0,0.0,14.0,0.0
Syria,2020-03-29,9.0,4.0,1.0,1.0,0.0,8.0,0.0,0.5,0.06
Taiwan,2020-03-29,298.0,15.0,3.0,1.0,39.0,256.0,0.0,13.0,0.1
Tanzania,2020-03-29,14.0,0.0,0.0,0.0,1.0,13.0,0.0,0.2,0.0
Thailand,2020-03-29,1388.0,143.0,7.0,1.0,229.0,1152.0,11.0,20.0,0.1
Timor-Leste,2020-03-29,1.0,0.0,0.0,0.0,0.0,1.0,0.0,0.8,0.0
Togo,2020-03-29,25.0,0.0,1.0,0.0,1.0,23.0,0.0,3.0,0.1
Trinidad and Tobago,2020-03-29,78.0,2.0,3.0,0.0,1.0,74.0,0.0,56.0,2.0
Tunisia,2020-03-29,312.0,34.0,8.0,0.0,2.0,302.0,10.0,26.0,0.7
Turks and Caicos,2020-03-29,4.0,0.0,0.0,0.0,0.0,4.0,0.0,103.0,0.0
UAE,2020-03-29,570.0,102.0,3.0,1.0,58.0,509.0,2.0,58.0,0.3
Uganda,2020-03-29,33.0,3.0,0.0,0.0,0.0,33.0,0.0,0.7,0.0
Ukraine,2020-03-29,475.0,119.0,10.0,1.0,6.0,459.0,0.0,11.0,0.2
Uruguay,2020-03-29,304.0,0.0,1.0,0.0,0.0,303.0,9.0,88.0,0.3
Uzbekistan,2020-03-29,144.0,40.0,2.0,0.0,7.0,135.0,8.0,4.0,0.06
Vatican City,2020-03-29,6.0,0.0,0.0,0.0,0.0,6.0,0.0,7491.0,0.0
Venezuela,2020-03-29,119.0,0.0,3.0,1.0,39.0,77.0,6.0,4.0,0.1
Vietnam,2020-03-29,194.0,20.0,0.0,0.0,25.0,169.0,3.0,2.0,0.0
Zambia,2020-03-29,29.0,1.0,0.0,0.0,0.0,29.0,0.0,2.0,0.0
Zimbabwe,2020-03-29,7.0,0.0,1.0,0.0,0.0,6.0,0.0,0.5,0.07
algeria,2020-03-29,511.0,57.0,31.0,2.0,31.0,449.0,0.0,12.0,0.7
australia,2020-03-29,4163.0,528.0,17.0,3.0,244.0,3902.0,28.0,163.0,0.7
austria,2020-03-29,8788.0,517.0,86.0,18.0,479.0,8223.0,187.0,976.0,10.0
belgium,2020-03-29,10836.0,1702.0,431.0,78.0,1359.0,9046.0,867.0,935.0,37.0
brazil,2020-03-29,4256.0,352.0,136.0,22.0,6.0,4114.0,296.0,20.0,0.6
canada,2020-03-29,6320.0,665.0,65.0,5.0,573.0,5682.0,120.0,167.0,2.0
china,2020-03-29,81439.0,45.0,3300.0,5.0,75448.0,2691.0,742.0,57.0,2.0
china-hong-kong-sar,2020-03-29,642.0,82.0,4.0,0.0,118.0,520.0,5.0,86.0,0.5
denmark,2020-03-29,2395.0,194.0,72.0,7.0,1.0,2322.0,113.0,413.0,12.0
france,2020-03-29,40174.0,2599.0,2606.0,292.0,7202.0,30366.0,4632.0,615.0,40.0
germany,2020-03-29,62435.0,4740.0,541.0,108.0,9211.0,52683.0,1979.0,745.0,6.0
greece,2020-03-29,1156.0,95.0,39.0,7.0,52.0,1065.0,66.0,111.0,4.0
india,2020-03-29,1024.0,37.0,27.0,3.0,95.0,902.0,0.0,0.7,0.02
indonesia,2020-03-29,1285.0,130.0,114.0,12.0,64.0,1107.0,0.0,5.0,0.4
iran,2020-03-29,38309.0,2901.0,2640.0,123.0,12391.0,23278.0,3206.0,456.0,31.0
iraq,2020-03-29,547.0,41.0,42.0,0.0,143.0,362.0,0.0,14.0,1.0
ireland,2020-03-29,2615.0,200.0,46.0,10.0,5.0,2564.0,59.0,530.0,9.0
israel,2020-03-29,4247.0,628.0,15.0,3.0,132.0,4100.0,74.0,491.0,2.0
italy,2020-03-29,97689.0,5217.0,10779.0,756.0,13030.0,73880.0,3906.0,1616.0,178.0
malaysia,2020-03-29,2470.0,150.0,35.0,8.0,388.0,2047.0,73.0,76.0,1.0
netherlands,2020-03-29,10866.0,1104.0,771.0,132.0,250.0,9845.0,972.0,634.0,45.0
norway,2020-03-29,4284.0,269.0,26.0,3.0,7.0,4251.0,91.0,790.0,5.0
philippines,2020-03-29,1418.0,343.0,71.0,3.0,42.0,1305.0,1.0,13.0,0.6
poland,2020-03-29,1862.0,224.0,22.0,4.0,7.0,1833.0,3.0,49.0,0.6
portugal,2020-03-29,5962.0,792.0,119.0,19.0,43.0,5800.0,89.0,585.0,12.0
south-korea,2020-03-29,9583.0,105.0,152.0,8.0,5033.0,4398.0,59.0,187.0,3.0
spain,2020-03-29,80110.0,6875.0,6803.0,821.0,14709.0,58598.0,4165.0,1713.0,146.0
sweden,2020-03-29,3700.0,253.0,110.0,5.0,16.0,3574.0,255.0,366.0,11.0
switzerland,2020-03-29,14829.0,753.0,300.0,36.0,1595.0,12934.0,301.0,1713.0,35.0
turkey,2020-03-29,9217.0,1815.0,131.0,23.0,105.0,8981.0,568.0,109.0,2.0
uk,2020-03-29,19522.0,2433.0,1228.0,209.0,135.0,18159.0,163.0,288.0,18.0
us,2020-03-29,142460.0,18882.0,2484.0,264.0,4559.0,135417.0,2970.0,430.0,8.0
Afghanistan,2020-03-30,170.0,50.0,4.0,0.0,2.0,164.0,0.0,4.0,0.1
Albania,2020-03-30,223.0,11.0,11.0,1.0,44.0,168.0,7.0,77.0,4.0
Andorra,2020-03-30,370.0,36.0,8.0,2.0,10.0,352.0,10.0,4789.0,104.0
Angola,2020-03-30,7.0,0.0,2.0,0.0,1.0,4.0,0.0,0.2,0.06
Anguilla,2020-03-30,2.0,0.0,0.0,0.0,0.0,2.0,0.0,133.0,0.0
Antigua and Barbuda,2020-03-30,7.0,0.0,0.0,0.0,0.0,7.0,0.0,71.0,0.0
Argentina,2020-03-30,820.0,0.0,23.0,3.0,228.0,569.0,0.0,18.0,0.5
Armenia,2020-03-30,482.0,58.0,3.0,0.0,30.0,449.0,15.0,163.0,1.0
Aruba,2020-03-30,50.0,0.0,0.0,0.0,1.0,49.0,0.0,468.0,0.0
Azerbaijan,2020-03-30,273.0,64.0,4.0,0.0,26.0,243.0,23.0,27.0,0.4
Bahamas,2020-03-30,14.0,0.0,0.0,0.0,1.0,13.0,0.0,36.0,0.0
Bahrain,2020-03-30,515.0,16.0,4.0,0.0,295.0,216.0,2.0,303.0,2.0
Bangladesh,2020-03-30,49.0,1.0,5.0,0.0,19.0,25.0,1.0,0.3,0.03
Barbados,2020-03-30,33.0,0.0,0.0,0.0,0.0,33.0,0.0,115.0,0.0
Belarus,2020-03-30,152.0,58.0,0.0,0.0,32.0,120.0,2.0,16.0,0.0
Belize,2020-03-30,3.0,1.0,0.0,0.0,0.0,3.0,0.0,8.0,0.0
Benin,2020-03-30,6.0,0.0,0.0,0.0,0.0,6.0,0.0,0.5,0.0
Bermuda,2020-03-30,27.0,5.0,0.0,0.0,2.0,25.0,0.0,434.0,0.0
Bhutan,2020-03-30,4.0,0.0,0.0,0.0,0.0,4.0,0.0,5.0,0.0
Bolivia,2020-03-30,97.0,16.0,4.0,3.0,0.0,93.0,3.0,8.0,0.3
Bosnia and Herzegovina,2020-03-30,368.0,45.0,10.0,4.0,17.0,341.0,1.0,112.0,3.0
Botswana,2020-03-30,3.0,3.0,0.0,0.0,0.0,3.0,0.0,1.0,0.0
British Virgin Islands,2020-03-30,2.0,0.0,0.0,0.0,0.0,2.0,0.0,66.0,0.0
Brunei,2020-03-30,127.0,1.0,1.0,0.0,38.0,88.0,3.0,290.0,2.0
Bulgaria,2020-03-30,359.0,13.0,8.0,0.0,17.0,334.0,13.0,52.0,1.0
Burkina Faso,2020-03-30,246.0,24.0,12.0,0.0,31.0,203.0,0.0,12.0,0.6
CAR,2020-03-30,3.0,0.0,0.0,0.0,0.0,3.0,0.0,0.6,0.0
Cabo Verde,2020-03-30,6.0,0.0,1.0,0.0,0.0,5.0,0.0,11.0,2.0
Cambodia,2020-03-30,107.0,4.0,0.0,0.0,21.0,86.0,1.0,6.0,0.0
Cameroon,2020-03-30,139.0,0.0,6.0,0.0,5.0,128.0,0.0,5.0,0.2
Cayman Islands,2020-03-30,12.0,0.0,1.0,0.0,0.0,11.0,0.0,183.0,15.0
Chad,2020-03-30,5.0,2.0,0.0,0.0,0.0,5.0,0.0,0.3,0.0
Channel Islands,2020-03-30,141.0,33.0,2.0,0.0,0.0,139.0,0.0,811.0,12.0
Chile,2020-03-30,2449.0,310.0,8.0,1.0,156.0,2285.0,14.0,128.0,0.4
Colombia,2020-03-30,798.0,96.0,14.0,4.0,15.0,769.0,29.0,16.0,0.3
Congo,2020-03-30,19.0,0.0,0.0,0.0,0.0,19.0,0.0,3.0,0.0
Costa Rica,2020-03-30,330.0,16.0,2.0,0.0,4.0,324.0,7.0,65.0,0.4
Croatia,2020-03-30,790.0,77.0,6.0,0.0,67.0,717.0,27.0,192.0,1.0
Cuba,2020-03-30,170.0,31.0,4.0,1.0,4.0,162.0,2.0,15.0,0.4
Curaçao,2020-03-30,11.0,3.0,1.0,0.0,2.0,8.0,0.0,67.0,6.0
Cyprus,2020-03-30,230.0,16.0,7.0,1.0,22.0,201.0,3.0,190.0,6.0
Czechia,2020-03-30,3001.0,184.0,23.0,7.0,25.0,2953.0,52.0,280.0,2.0
DRC,2020-03-30,81.0,0.0,8.0,0.0,2.0,71.0,0.0,0.9,0.09
Diamond Princess,2020-03-30,712.0,0.0,10.0,0.0,603.0,99.0,15.0,0.0,0.0
Djibouti,2020-03-30,18.0,0.0,0.0,0.0,0.0,18.0,0.0,18.0,0.0
Dominica,2020-03-30,12.0,1.0,0.0,0.0,0.0,12.0,0.0,167.0,0.0
Dominican Republic,2020-03-30,901.0,42.0,42.0,3.0,4.0,855.0,0.0,83.0,4.0
Ecuador,2020-03-30,1966.0,42.0,62.0,4.0,3.0,1901.0,58.0,111.0,4.0
Egypt,2020-03-30,656.0,47.0,41.0,1.0,150.0,465.0,0.0,6.0,0.4
El Salvador,2020-03-30,30.0,6.0,0.0,0.0,0.0,30.0,5.0,5.0,0.0
Equatorial Guinea,2020-03-30,12.0,0.0,0.0,0.0,0.0,12.0,0.0,9.0,0.0
Eritrea,2020-03-30,15.0,3.0,0.0,0.0,0.0,15.0,0.0,4.0,0.0
Estonia,2020-03-30,715.0,36.0,3.0,0.0,20.0,692.0,10.0,539.0,2.0
Eswatini,2020-03-30,9.0,0.0,0.0,0.0,0.0,9.0,0.0,8.0,0.0
Ethiopia,2020-03-30,23.0,2.0,0.0,0.0,4.0,19.0,1.0,0.2,0.0
Faeroe Islands,2020-03-30,168.0,9.0,0.0,0.0,70.0,98.0,1.0,3438.0,0.0
Fiji,2020-03-30,5.0,0.0,0.0,0.0,0.0,5.0,0.0,6.0,0.0
Finland,2020-03-30,1352.0,112.0,13.0,2.0,10.0,1329.0,49.0,244.0,2.0
French Guiana,2020-03-30,43.0,0.0,0.0,0.0,6.0,37.0,0.0,144.0,0.0
French Polynesia,2020-03-30,36.0,6.0,0.0,0.0,0.0,36.0,2.0,128.0,0.0
Gabon,2020-03-30,7.0,0.0,1.0,0.0,0.0,6.0,0.0,3.0,0.4
Gambia,2020-03-30,4.0,0.0,1.0,0.0,0.0,3.0,0.0,2.0,0.4
Georgia,2020-03-30,103.0,12.0,0.0,0.0,20.0,83.0,6.0,26.0,0.0
Ghana,2020-03-30,152.0,0.0,5.0,0.0,2.0,145.0,1.0,5.0,0.2
Gibraltar,2020-03-30,69.0,4.0,0.0,0.0,34.0,35.0,0.0,2048.0,0.0
Greenland,2020-03-30,10.0,0.0,0.0,0.0,2.0,8.0,0.0,176.0,0.0
Grenada,2020-03-30,9.0,0.0,0.0,0.0,0.0,9.0,0.0,80.0,0.0
Guadeloupe,2020-03-30,106.0,0.0,4.0,0.0,17.0,85.0,10.0,265.0,10.0
Guatemala,2020-03-30,36.0,2.0,1.0,0.0,10.0,25.0,1.0,2.0,0.06
Guinea,2020-03-30,22.0,6.0,0.0,0.0,0.0,22.0,0.0,2.0,0.0
Guinea-Bissau,2020-03-30,8.0,6.0,0.0,0.0,0.0,8.0,0.0,4.0,0.0
Guyana,2020-03-30,8.0,0.0,1.0,0.0,0.0,7.0,0.0,10.0,1.0
Haiti,2020-03-30,15.0,0.0,0.0,0.0,1.0,14.0,0.0,1.0,0.0
Honduras,2020-03-30,139.0,29.0,7.0,4.0,3.0,129.0,4.0,14.0,0.7
Hungary,2020-03-30,447.0,39.0,15.0,2.0,34.0,398.0,6.0,46.0,2.0
Iceland,2020-03-30,1086.0,66.0,2.0,0.0,157.0,927.0,25.0,3182.0,6.0
Isle of Man,2020-03-30,49.0,7.0,0.0,0.0,0.0,49.0,0.0,576.0,0.0
Ivory Coast,2020-03-30,168.0,3.0,1.0,0.0,6.0,161.0,0.0,6.0,0.04
Jamaica,2020-03-30,36.0,4.0,1.0,0.0,2.0,33.0,0.0,12.0,0.3
Japan,2020-03-30,1953.0,87.0,56.0,2.0,424.0,1473.0,56.0,15.0,0.4
Jordan,2020-03-30,268.0,9.0,5.0,2.0,26.0,237.0,3.0,26.0,0.5
Kazakhstan,2020-03-30,302.0,18.0,1.0,0.0,21.0,280.0,0.0,16.0,0.05
Kenya,2020-03-30,50.0,8.0,1.0,0.0,1.0,48.0,2.0,0.9,0.02
Kuwait,2020-03-30,266.0,11.0,0.0,0.0,72.0,194.0,13.0,62.0,0.0
Kyrgyzstan,2020-03-30,94.0,10.0,0.0,0.0,3.0,91.0,0.0,14.0,0.0
Laos,2020-03-30,8.0,0.0,0.0,0.0,0.0,8.0,0.0,1.0,0.0
Latvia,2020-03-30,376.0,29.0,0.0,0.0,1.0,375.0,3.0,199.0,0.0
Lebanon,2020-03-30,446.0,8.0,11.0,1.0,35.0,400.0,3.0,65.0,2.0
Liberia,2020-03-30,3.0,0.0,0.0,0.0,0.0,3.0,0.0,0.6,0.0
Libya,2020-03-30,8.0,0.0,0.0,0.0,0.0,8.0,0.0,1.0,0.0
Liechtenstein,2020-03-30,62.0,6.0,0.0,0.0,0.0,62.0,0.0,1626.0,0.0
Lithuania,2020-03-30,491.0,31.0,7.0,0.0,7.0,477.0,5.0,180.0,3.0
Luxembourg,2020-03-30,1988.0,38.0,22.0,1.0,40.0,1926.0,25.0,3176.0,35.0
MS Zaandam,2020-03-30,2.0,0.0,0.0,0.0,0.0,2.0,0.0,0.0,0.0
Macao,2020-03-30,38.0,1.0,0.0,0.0,10.0,28.0,0.0,59.0,0.0
Madagascar,2020-03-30,43.0,4.0,0.0,0.0,0.0,43.0,0.0,2.0,0.0
Maldives,2020-03-30,17.0,0.0,0.0,0.0,13.0,4.0,0.0,31.0,0.0
Mali,2020-03-30,25.0,7.0,2.0,1.0,0.0,23.0,0.0,1.0,0.1
Malta,2020-03-30,156.0,5.0,0.0,0.0,2.0,154.0,4.0,353.0,0.0
Martinique,2020-03-30,93.0,0.0,1.0,0.0,0.0,92.0,12.0,248.0,3.0
Mauritania,2020-03-30,6.0,1.0,1.0,1.0,2.0,3.0,0.0,1.0,0.2
Mauritius,2020-03-30,128.0,21.0,3.0,0.0,0.0,125.0,1.0,101.0,2.0
Mayotte,2020-03-30,82.0,19.0,0.0,0.0,10.0,72.0,3.0,301.0,0.0
Mexico,2020-03-30,993.0,145.0,20.0,4.0,35.0,938.0,1.0,8.0,0.2
Moldova,2020-03-30,298.0,35.0,2.0,0.0,15.0,281.0,44.0,74.0,0.5
Monaco,2020-03-30,49.0,3.0,1.0,0.0,1.0,47.0,0.0,1249.0,25.0
Mongolia,2020-03-30,12.0,0.0,0.0,0.0,2.0,10.0,0.0,4.0,0.0
Montenegro,2020-03-30,91.0,6.0,1.0,0.0,0.0,90.0,1.0,145.0,2.0
Montserrat,2020-03-30,5.0,0.0,0.0,0.0,0.0,5.0,0.0,1002.0,0.0
Morocco,2020-03-30,556.0,77.0,33.0,7.0,15.0,508.0,1.0,15.0,0.9
Mozambique,2020-03-30,8.0,0.0,0.0,0.0,0.0,8.0,0.0,0.3,0.0
Myanmar,2020-03-30,14.0,4.0,0.0,0.0,0.0,14.0,0.0,0.3,0.0
Namibia,2020-03-30,11.0,0.0,0.0,0.0,2.0,9.0,0.0,4.0,0.0
Nepal,2020-03-30,5.0,0.0,0.0,0.0,1.0,4.0,0.0,0.2,0.0
New Caledonia,2020-03-30,15.0,0.0,0.0,0.0,0.0,15.0,0.0,53.0,0.0
New Zealand,2020-03-30,589.0,75.0,1.0,0.0,63.0,525.0,2.0,122.0,0.2
Nicaragua,2020-03-30,4.0,0.0,1.0,0.0,0.0,3.0,0.0,0.6,0.2
Niger,2020-03-30,27.0,9.0,3.0,2.0,0.0,24.0,0.0,1.0,0.1
Nigeria,2020-03-30,131.0,20.0,2.0,1.0,8.0,121.0,0.0,0.6,0.01
North Macedonia,2020-03-30,285.0,26.0,7.0,1.0,12.0,266.0,1.0,137.0,3.0
Oman,2020-03-30,179.0,12.0,0.0,0.0,29.0,150.0,3.0,35.0,0.0
Pakistan,2020-03-30,1717.0,120.0,21.0,7.0,76.0,1620.0,11.0,8.0,0.1
Palestine,2020-03-30,117.0,8.0,1.0,0.0,18.0,98.0,0.0,23.0,0.2
Panama,2020-03-30,1075.0,86.0,27.0,3.0,9.0,1039.0,43.0,249.0,6.0
Papua New Guinea,2020-03-30,1.0,0.0,0.0,0.0,0.0,1.0,0.0,0.1,0.0
Paraguay,2020-03-30,64.0,5.0,3.0,0.0,1.0,60.0,3.0,9.0,0.4
Peru,2020-03-30,950.0,98.0,24.0,6.0,53.0,873.0,49.0,29.0,0.7
Qatar,2020-03-30,693.0,59.0,1.0,0.0,51.0,641.0,6.0,241.0,0.3
Romania,2020-03-30,2109.0,294.0,65.0,22.0,209.0,1835.0,33.0,110.0,3.0
Russia,2020-03-30,1836.0,302.0,9.0,1.0,66.0,1761.0,8.0,13.0,0.06
Rwanda,2020-03-30,70.0,0.0,0.0,0.0,0.0,70.0,0.0,5.0,0.0
Réunion,2020-03-30,224.0,41.0,0.0,0.0,1.0,223.0,0.0,250.0,0.0
Saint Kitts and Nevis,2020-03-30,7.0,5.0,0.0,0.0,0.0,7.0,0.0,132.0,0.0
Saint Lucia,2020-03-30,9.0,0.0,0.0,0.0,1.0,8.0,0.0,49.0,0.0
Saint Martin,2020-03-30,15.0,4.0,1.0,1.0,2.0,12.0,0.0,388.0,26.0
San Marino,2020-03-30,230.0,6.0,25.0,3.0,13.0,192.0,16.0,6778.0,737.0
Saudi Arabia,2020-03-30,1453.0,154.0,8.0,0.0,115.0,1330.0,12.0,42.0,0.2
Senegal,2020-03-30,162.0,20.0,0.0,0.0,27.0,135.0,0.0,10.0,0.0
Serbia,2020-03-30,785.0,44.0,16.0,3.0,42.0,727.0,62.0,90.0,2.0
Seychelles,2020-03-30,8.0,0.0,0.0,0.0,0.0,8.0,0.0,81.0,0.0
Singapore,2020-03-30,879.0,35.0,3.0,0.0,228.0,648.0,19.0,150.0,0.5
Sint Maarten,2020-03-30,6.0,0.0,0.0,0.0,0.0,6.0,0.0,140.0,0.0
Slovakia,2020-03-30,336.0,22.0,0.0,0.0,7.0,329.0,1.0,62.0,0.0
Slovenia,2020-03-30,756.0,26.0,11.0,0.0,10.0,735.0,28.0,364.0,5.0
Somalia,2020-03-30,3.0,0.0,0.0,0.0,0.0,3.0,0.0,0.2,0.0
South Africa,2020-03-30,1326.0,46.0,3.0,1.0,31.0,1292.0,7.0,22.0,0.05
Sri Lanka,2020-03-30,122.0,5.0,2.0,1.0,15.0,105.0,5.0,6.0,0.09
St. Barth,2020-03-30,6.0,1.0,0.0,0.0,1.0,5.0,0.0,607.0,0.0
St. Vincent Grenadines,2020-03-30,1.0,0.0,0.0,0.0,1.0,0.0,0.0,9.0,0.0
Sudan,2020-03-30,6.0,0.0,2.0,1.0,0.0,4.0,0.0,0.1,0.05
Suriname,2020-03-30,8.0,0.0,0.0,0.0,0.0,8.0,0.0,14.0,0.0
Syria,2020-03-30,10.0,1.0,2.0,1.0,0.0,8.0,0.0,0.6,0.1
Taiwan,2020-03-30,306.0,8.0,5.0,2.0,39.0,262.0,0.0,13.0,0.2
Tanzania,2020-03-30,19.0,5.0,0.0,0.0,1.0,18.0,0.0,0.3,0.0
Thailand,2020-03-30,1524.0,136.0,9.0,2.0,229.0,1286.0,11.0,22.0,0.1
Timor-Leste,2020-03-30,1.0,0.0,0.0,0.0,0.0,1.0,0.0,0.8,0.0
Togo,2020-03-30,30.0,5.0,1.0,0.0,1.0,28.0,0.0,4.0,0.1
Trinidad and Tobago,2020-03-30,83.0,5.0,3.0,0.0,1.0,79.0,0.0,59.0,2.0
Tunisia,2020-03-30,362.0,50.0,9.0,1.0,3.0,350.0,10.0,31.0,0.8
Turks and Caicos,2020-03-30,5.0,1.0,0.0,0.0,0.0,5.0,0.0,129.0,0.0
UAE,2020-03-30,611.0,41.0,5.0,2.0,61.0,545.0,2.0,62.0,0.5
Uganda,2020-03-30,33.0,0.0,0.0,0.0,0.0,33.0,0.0,0.7,0.0
Ukraine,2020-03-30,548.0,73.0,13.0,3.0,8.0,527.0,0.0,13.0,0.3
Uruguay,2020-03-30,320.0,16.0,1.0,0.0,25.0,294.0,9.0,92.0,0.3
Uzbekistan,2020-03-30,149.0,5.0,2.0,0.0,7.0,140.0,8.0,4.0,0.06
Vatican City,2020-03-30,6.0,0.0,0.0,0.0,0.0,6.0,0.0,7491.0,0.0
Venezuela,2020-03-30,135.0,16.0,3.0,0.0,39.0,93.0,6.0,5.0,0.1
Vietnam,2020-03-30,204.0,10.0,0.0,0.0,55.0,149.0,3.0,2.0,0.0
Zambia,2020-03-30,35.0,6.0,0.0,0.0,0.0,35.0,0.0,2.0,0.0
Zimbabwe,2020-03-30,7.0,0.0,1.0,0.0,0.0,6.0,0.0,0.5,0.07
algeria,2020-03-30,584.0,73.0,35.0,4.0,37.0,512.0,0.0,13.0,0.8
australia,2020-03-30,4460.0,297.0,19.0,2.0,244.0,4197.0,28.0,175.0,0.7
austria,2020-03-30,9618.0,830.0,108.0,22.0,636.0,8874.0,193.0,1068.0,12.0
belgium,2020-03-30,11899.0,1063.0,513.0,82.0,1527.0,9859.0,927.0,1027.0,44.0
brazil,2020-03-30,4630.0,374.0,163.0,27.0,120.0,4347.0,296.0,22.0,0.8
canada,2020-03-30,7448.0,1128.0,89.0,24.0,1093.0,6266.0,120.0,197.0,2.0
china,2020-03-30,81439.0,0.0,3300.0,0.0,75448.0,2691.0,742.0,57.0,2.0
china-hong-kong-sar,2020-03-30,683.0,41.0,4.0,0.0,118.0,561.0,5.0,91.0,0.5
denmark,2020-03-30,2577.0,182.0,77.0,5.0,1.0,2499.0,137.0,445.0,13.0
france,2020-03-30,44550.0,4376.0,3024.0,418.0,7927.0,33599.0,5056.0,683.0,46.0
germany,2020-03-30,66885.0,4450.0,645.0,104.0,13500.0,52740.0,1979.0,798.0,8.0
greece,2020-03-30,1212.0,56.0,46.0,7.0,52.0,1114.0,72.0,116.0,4.0
india,2020-03-30,1251.0,227.0,32.0,5.0,102.0,1117.0,0.0,0.9,0.02
indonesia,2020-03-30,1414.0,129.0,122.0,8.0,75.0,1217.0,0.0,5.0,0.4
iran,2020-03-30,41495.0,3186.0,2757.0,117.0,13911.0,24827.0,3511.0,494.0,33.0
iraq,2020-03-30,630.0,83.0,46.0,4.0,152.0,432.0,0.0,16.0,1.0
ireland,2020-03-30,2910.0,295.0,54.0,8.0,5.0,2851.0,84.0,589.0,11.0
israel,2020-03-30,4695.0,448.0,16.0,1.0,161.0,4518.0,79.0,542.0,2.0
italy,2020-03-30,101739.0,4050.0,11591.0,812.0,14620.0,75528.0,3981.0,1683.0,192.0
malaysia,2020-03-30,2626.0,156.0,37.0,2.0,479.0,2110.0,94.0,81.0,1.0
netherlands,2020-03-30,11750.0,884.0,864.0,93.0,250.0,10636.0,1053.0,686.0,50.0
norway,2020-03-30,4445.0,161.0,32.0,6.0,12.0,4401.0,97.0,820.0,6.0
philippines,2020-03-30,1546.0,128.0,78.0,7.0,42.0,1426.0,1.0,14.0,0.7
poland,2020-03-30,2055.0,193.0,31.0,9.0,7.0,2017.0,3.0,54.0,0.8
portugal,2020-03-30,6408.0,446.0,140.0,21.0,43.0,6225.0,164.0,628.0,14.0
south-korea,2020-03-30,9661.0,78.0,158.0,6.0,5228.0,4275.0,59.0,188.0,3.0
spain,2020-03-30,87956.0,7846.0,7716.0,913.0,16780.0,63460.0,5231.0,1881.0,165.0
sweden,2020-03-30,4028.0,328.0,146.0,36.0,16.0,3866.0,306.0,399.0,14.0
switzerland,2020-03-30,15922.0,1093.0,359.0,59.0,1823.0,13740.0,301.0,1840.0,41.0
turkey,2020-03-30,10827.0,1610.0,168.0,37.0,162.0,10497.0,568.0,128.0,2.0
uk,2020-03-30,22141.0,2619.0,1408.0,180.0,135.0,20598.0,163.0,326.0,21.0
us,2020-03-30,163844.0,20353.0,3156.0,573.0,5506.0,155182.0,3512.0,495.0,10.0
